Workbook

Sheet TopPage
A1: count | B1: 10 | C1: 7 | D1: 5 | E1: 5 | F1: 4 | G1: 3 | H1: 3 | I1: 3 | J1: 3 | K1: 2 | L1: 2 | M1: 1 | N1: 2 | O1: 2 | P1: 2 | Q1: 2 | R1: 1 | S1: 1 | T1: 1 | U1: 1 | V1: 1 | W1: 1 | X1: 1 | Y1: 1 | Z1: 1 | AA1: 1 | AB1: 1 | AC1: 1 | AD1: 1 | AE1: 1 | AF1: 1 | AG1: 1 | AH1: 1 | AI1: 1
A2: group | B2: ALTERS CELL PROLIFERATION AND CELL DEATH | C2: MODULATES NUCLEAR RECEPTOR-MEDIATED EFFECTS | D2: INDUCES OXIDATIVE STRESS | E2: CAUSES INFLAMMATION | F2: INDUCES EPIGENETIC ALTERATIONS | G2: ALTERS SIGNAL TRANSDUCTION | H2: CAUSES MITOCHONDRIAL DYSFUNCTION | I2: IS GENOTOXIC | J2: IS METABOLICALLY ACTIVATED OR REACTIVE | K2: ALTERS CELL-CELL INTERACTIONS AND COMMUNICATION | L2: DISRUPTS CELLULAR CYTOSKELETON | M2: IS IMMUNOSUPPRESSIVE | N2: ALTERS PRODUCTION OF HORMONE | O2: DISRUPTS LIPID AND PROTEIN METABOLISM OR CAUSES DYSLIPIDEMIA | P2: DISRUPTS TRANSPORT FUNCTION | Q2: ALTERS GERM CELL DEVELOPMENT, FUNCTION, OR DEATH | R2: AFFECTS ANTIGEN PROCESSING AND PRESENTATION | S2: ALTERS DNA REPAIR OR CAUSES GENOMIC INSTABILITY | T2: ALTERS EFFECTOR FUNCTION OF SPECIFIC CELL TYPES | U2: ALTERS HEMOSTASIS | V2: ALTERS HORMONE DISTRIBUTION OR CIRCULATING HORMONE LEVELS | W2: ALTERS HORMONE METABOLISM OR CLEARANCE | X2: ALTERS IMMUNE CELL SIGNALING | Y2: ALTERS IMMUNE CELL TRAFFICKING | Z2: BREAKS DOWN IMMUNE TOLERANCE | AA2: ACTIVATES STRESS SIGNALING PATHWAYS | AB2: CAUSES CHOLESTASIS | AC2: CAUSES IMMORTALIZATION | AD2: CAUSES LIVER FIBROSIS | AE2: IMPACTS ENDOTHELIAL AND VASCULAR FUNCTION | AF2: IMPAIRS CARDIAC CONTRACTILITY AND RELAXATION | AG2: IMPAIRS REGULATION OF CARDIAC EXCITABILITY | AH2: MODIFIES AUTONOMIC NERVOUS SYSTEM ACTIVITY | AI2: MODIFIES CELLULAR DIFFERENTIATION
A3: Disease | B3: =SUM(Disease!B3:B709) -> 17 | C3: =SUM(Disease!C3:C709) -> 2 | D3: =SUM(Disease!D3:D709) -> 10 | E3: =SUM(Disease!E3:E709) -> 13 | F3: =SUM(Disease!F3:F709) -> 0 | G3: =SUM(Disease!G3:G709) -> 170 | H3: =SUM(Disease!H3:H709) -> 0 | I3: =SUM(Disease!I3:I709) -> 0 | ... AI3: =SUM(Disease!AI3:AI709) -> 0
A4: Signal Transduction | B4: =SUM('Signal Transduction'!B3:B710) -> 97 | C4: =SUM('Signal Transduction'!C3:C710) -> 70 | D4: =SUM('Signal Transduction'!D3:D710) -> 0 | E4: =SUM('Signal Transduction'!E3:E710) -> 9 | F4: =SUM('Signal Transduction'!F3:F710) -> 0 | G4: =SUM('Signal Transduction'!G3:G710) -> 404 | H4: =SUM('Signal Transduction'!H3:H710) -> 0 | I4: =SUM('Signal Transduction'!I3:I710) -> 0 | ... AI4: =SUM('Signal Transduction'!AI3:AI710) -> 19
A5: Metabolism | B5: =SUM(Metabolism!B3:B711) -> 0 | C5: =SUM(Metabolism!C3:C711) -> 0 | D5: =SUM(Metabolism!D3:D711) -> 20 | E5: =SUM(Metabolism!E3:E711) -> 1 | F5: =SUM(Metabolism!F3:F711) -> 0 | G5: =SUM(Metabolism!G3:G711) -> 0 | H5: =SUM(Metabolism!H3:H711) -> 27 | I5: =SUM(Metabolism!I3:I711) -> 0 | ... AI5: =SUM(Metabolism!AI3:AI711) -> 0
A6: Immune System | B6: =SUM('Immune System'!B3:B712) -> 0 | C6: =SUM('Immune System'!C3:C712) -> 0 | D6: =SUM('Immune System'!D3:D712) -> 0 | E6: =SUM('Immune System'!E3:E712) -> 195 | F6: =SUM('Immune System'!F3:F712) -> 0 | G6: =SUM('Immune System'!G3:G712) -> 0 | H6: =SUM('Immune System'!H3:H712) -> 0 | I6: =SUM('Immune System'!I3:I712) -> 0 | ... AI6: =SUM('Immune System'!AI3:AI712) -> 6
A7: Cell Cycle | B7: =SUM('Cell Cycle'!B3:B713) -> 123 | C7: =SUM('Cell Cycle'!C3:C713) -> 0 | D7: =SUM('Cell Cycle'!D3:D713) -> 0 | E7: =SUM('Cell Cycle'!E3:E713) -> 0 | F7: =SUM('Cell Cycle'!F3:F713) -> 0 | G7: =SUM('Cell Cycle'!G3:G713) -> 0 | H7: =SUM('Cell Cycle'!H3:H713) -> 0 | I7: =SUM('Cell Cycle'!I3:I713) -> 13 | ... AI7: =SUM('Cell Cycle'!AI3:AI713) -> 0
A8: Gene expression (Transcription) | B8: =SUM('Gene expression (Transcription)'!B3:B714) -> 24 | C8: =SUM('Gene expression (Transcription)'!C3:C714) -> 0 | D8: =SUM('Gene expression (Transcription)'!D3:D714) -> 3 | E8: =SUM('Gene expression (Transcription)'!E3:E714) -> 0 | F8: =SUM('Gene expression (Transcription)'!F3:F714) -> 12 | G8: =SUM('Gene expression (Transcription)'!G3:G714) -> 1 | H8: =SUM('Gene expression (Transcription)'!H3:H714) -> 3 | I8: =SUM('Gene expression (Transcription)'!I3:I714) -> 1 | ... AI8: =SUM('Gene expression (Transcription)'!AI3:AI714) -> 7
A9: Metabolism of proteins | B9: =SUM('Metabolism of proteins'!B3:B715) -> 1 | C9: =SUM('Metabolism of proteins'!C3:C715) -> 0 | D9: =SUM('Metabolism of proteins'!D3:D715) -> 1 | E9: =SUM('Metabolism of proteins'!E3:E715) -> 1 | F9: =SUM('Metabolism of proteins'!F3:F715) -> 1 | G9: =SUM('Metabolism of proteins'!G3:G715) -> 0 | H9: =SUM('Metabolism of proteins'!H3:H715) -> 5 | I9: =SUM('Metabolism of proteins'!I3:I715) -> 1 | ... AI9: =SUM('Metabolism of proteins'!AI3:AI715) -> 0
A10: Neuronal System | B10: =SUM('Neuronal System'!B3:B716) -> 0 | C10: =SUM('Neuronal System'!C3:C716) -> 0 | D10: =SUM('Neuronal System'!D3:D716) -> 0 | E10: =SUM('Neuronal System'!E3:E716) -> 0 | F10: =SUM('Neuronal System'!F3:F716) -> 0 | G10: =SUM('Neuronal System'!G3:G716) -> 0 | H10: =SUM('Neuronal System'!H3:H716) -> 0 | I10: =SUM('Neuronal System'!I3:I716) -> 0 | ... AI10: =SUM('Neuronal System'!AI3:AI716) -> 0
A11: Developmental Biology | B11: =SUM('Developmental Biology'!B3:B717) -> 0 | C11: =SUM('Developmental Biology'!C3:C717) -> 0 | D11: =SUM('Developmental Biology'!D3:D717) -> 0 | E11: =SUM('Developmental Biology'!E3:E717) -> 0 | F11: =SUM('Developmental Biology'!F3:F717) -> 0 | G11: =SUM('Developmental Biology'!G3:G717) -> 0 | H11: =SUM('Developmental Biology'!H3:H717) -> 0 | I11: =SUM('Developmental Biology'!I3:I717) -> 0 | ... AI11: =SUM('Developmental Biology'!AI3:AI717) -> 0
A12: Transport of small molecules | B12: =SUM('Transport of small molecules'!B3:B718) -> 0 | C12: =SUM('Transport of small molecules'!C3:C718) -> 0 | D12: =SUM('Transport of small molecules'!D3:D718) -> 0 | E12: =SUM('Transport of small molecules'!E3:E718) -> 0 | F12: =SUM('Transport of small molecules'!F3:F718) -> 0 | G12: =SUM('Transport of small molecules'!G3:G718) -> 0 | H12: =SUM('Transport of small molecules'!H3:H718) -> 3 | I12: =SUM('Transport of small molecules'!I3:I718) -> 0 | ... AI12: =SUM('Transport of small molecules'!AI3:AI718) -> 0
A13: DNA Repair | B13: =SUM('DNA Repair'!B3:B719) -> 0 | C13: =SUM('DNA Repair'!C3:C719) -> 0 | D13: =SUM('DNA Repair'!D3:D719) -> 0 | E13: =SUM('DNA Repair'!E3:E719) -> 0 | F13: =SUM('DNA Repair'!F3:F719) -> 0 | G13: =SUM('DNA Repair'!G3:G719) -> 0 | H13: =SUM('DNA Repair'!H3:H719) -> 0 | I13: =SUM('DNA Repair'!I3:I719) -> 64 | ... AI13: =SUM('DNA Repair'!AI3:AI719) -> 0
A14: Cellular responses to stimuli | B14: =SUM('Cellular responses to stimuli'!B3:B720) -> 6 | C14: =SUM('Cellular responses to stimuli'!C3:C720) -> 0 | D14: =SUM('Cellular responses to stimuli'!D3:D720) -> 17 | E14: =SUM('Cellular responses to stimuli'!E3:E720) -> 11 | F14: =SUM('Cellular responses to stimuli'!F3:F720) -> 0 | G14: =SUM('Cellular responses to stimuli'!G3:G720) -> 0 | H14: =SUM('Cellular responses to stimuli'!H3:H720) -> 3 | I14: =SUM('Cellular responses to stimuli'!I3:I720) -> 1 | ... AI14: =SUM('Cellular responses to stimuli'!AI3:AI720) -> 0
A15: Programmed Cell Death | B15: =SUM('Programmed Cell Death'!B3:B721) -> 41 | C15: =SUM('Programmed Cell Death'!C3:C721) -> 0 | D15: =SUM('Programmed Cell Death'!D3:D721) -> 0 | E15: =SUM('Programmed Cell Death'!E3:E721) -> 1 | F15: =SUM('Programmed Cell Death'!F3:F721) -> 0 | G15: =SUM('Programmed Cell Death'!G3:G721) -> 0 | H15: =SUM('Programmed Cell Death'!H3:H721) -> 0 | I15: =SUM('Programmed Cell Death'!I3:I721) -> 0 | ... AI15: =SUM('Programmed Cell Death'!AI3:AI721) -> 0
A16: Hemostasis | B16: =SUM(Hemostasis!B3:B722) -> 0 | C16: =SUM(Hemostasis!C3:C722) -> 0 | D16: =SUM(Hemostasis!D3:D722) -> 0 | E16: =SUM(Hemostasis!E3:E722) -> 0 | F16: =SUM(Hemostasis!F3:F722) -> 0 | G16: =SUM(Hemostasis!G3:G722) -> 0 | H16: =SUM(Hemostasis!H3:H722) -> 0 | I16: =SUM(Hemostasis!I3:I722) -> 0 | ... AI16: =SUM(Hemostasis!AI3:AI722) -> 0
A17: Vesicle-mediated transport | B17: =SUM('Vesicle-mediated transport'!B3:B723) -> 0 | C17: =SUM('Vesicle-mediated transport'!C3:C723) -> 6 | D17: =SUM('Vesicle-mediated transport'!D3:D723) -> 0 | E17: =SUM('Vesicle-mediated transport'!E3:E723) -> 0 | F17: =SUM('Vesicle-mediated transport'!F3:F723) -> 0 | G17: =SUM('Vesicle-mediated transport'!G3:G723) -> 0 | H17: =SUM('Vesicle-mediated transport'!H3:H723) -> 0 | I17: =SUM('Vesicle-mediated transport'!I3:I723) -> 0 | ... AI17: =SUM('Vesicle-mediated transport'!AI3:AI723) -> 0
A18: Metabolism of RNA | B18: =SUM('Metabolism of RNA'!B3:B724) -> 0 | C18: =SUM('Metabolism of RNA'!C3:C724) -> 0 | D18: =SUM('Metabolism of RNA'!D3:D724) -> 0 | E18: =SUM('Metabolism of RNA'!E3:E724) -> 0 | F18: =SUM('Metabolism of RNA'!F3:F724) -> 2 | G18: =SUM('Metabolism of RNA'!G3:G724) -> 0 | H18: =SUM('Metabolism of RNA'!H3:H724) -> 6 | I18: =SUM('Metabolism of RNA'!I3:I724) -> 0 | ... AI18: =SUM('Metabolism of RNA'!AI3:AI724) -> 0
A19: DNA Replication | B19: =SUM('DNA Replication'!B3:B725) -> 18 | C19: =SUM('DNA Replication'!C3:C725) -> 0 | D19: =SUM('DNA Replication'!D3:D725) -> 0 | E19: =SUM('DNA Replication'!E3:E725) -> 0 | F19: =SUM('DNA Replication'!F3:F725) -> 0 | G19: =SUM('DNA Replication'!G3:G725) -> 0 | H19: =SUM('DNA Replication'!H3:H725) -> 0 | I19: =SUM('DNA Replication'!I3:I725) -> 0 | ... AI19: =SUM('DNA Replication'!AI3:AI725) -> 0
A20: Sensory Perception | B20: =SUM('Sensory Perception'!B3:B726) -> 0 | C20: =SUM('Sensory Perception'!C3:C726) -> 0 | D20: =SUM('Sensory Perception'!D3:D726) -> 0 | E20: =SUM('Sensory Perception'!E3:E726) -> 0 | F20: =SUM('Sensory Perception'!F3:F726) -> 0 | G20: =SUM('Sensory Perception'!G3:G726) -> 0 | H20: =SUM('Sensory Perception'!H3:H726) -> 0 | I20: =SUM('Sensory Perception'!I3:I726) -> 0 | ... AI20: =SUM('Sensory Perception'!AI3:AI726) -> 0
A21: Extracellular matrix organization | B21: =SUM('Extracellular matrix organizati'!B3:B727) -> 0 | C21: =SUM('Extracellular matrix organizati'!C3:C727) -> 0 | D21: =SUM('Extracellular matrix organizati'!D3:D727) -> 0 | E21: =SUM('Extracellular matrix organizati'!E3:E727) -> 0 | F21: =SUM('Extracellular matrix organizati'!F3:F727) -> 0 | G21: =SUM('Extracellular matrix organizati'!G3:G727) -> 0 | H21: =SUM('Extracellular matrix organizati'!H3:H727) -> 0 | I21: =SUM('Extracellular matrix organizati'!I3:I727) -> 0 | ... AI21: =SUM('Extracellular matrix organizati'!AI3:AI727) -> 0
A22: Cell-Cell communication | B22: =SUM('Cell-Cell communication'!B3:B728) -> 0 | C22: =SUM('Cell-Cell communication'!C3:C728) -> 0 | D22: =SUM('Cell-Cell communication'!D3:D728) -> 0 | E22: =SUM('Cell-Cell communication'!E3:E728) -> 0 | F22: =SUM('Cell-Cell communication'!F3:F728) -> 0 | G22: =SUM('Cell-Cell communication'!G3:G728) -> 0 | H22: =SUM('Cell-Cell communication'!H3:H728) -> 0 | I22: =SUM('Cell-Cell communication'!I3:I728) -> 0 | ... AI22: =SUM('Cell-Cell communication'!AI3:AI728) -> 0
A23: Organelle biogenesis and maintenance | B23: =SUM('Organelle biogenesis and mainte'!B3:B729) -> 0 | C23: =SUM('Organelle biogenesis and mainte'!C3:C729) -> 0 | D23: =SUM('Organelle biogenesis and mainte'!D3:D729) -> 0 | E23: =SUM('Organelle biogenesis and mainte'!E3:E729) -> 0 | F23: =SUM('Organelle biogenesis and mainte'!F3:F729) -> 0 | G23: =SUM('Organelle biogenesis and mainte'!G3:G729) -> 0 | H23: =SUM('Organelle biogenesis and mainte'!H3:H729) -> 5 | I23: =SUM('Organelle biogenesis and mainte'!I3:I729) -> 0 | ... AI23: =SUM('Organelle biogenesis and mainte'!AI3:AI729) -> 0
A24: Autophagy | B24: =SUM(Autophagy!B3:B730) -> 11 | C24: =SUM(Autophagy!C3:C730) -> 0 | D24: =SUM(Autophagy!D3:D730) -> 1 | E24: =SUM(Autophagy!E3:E730) -> 0 | F24: =SUM(Autophagy!F3:F730) -> 0 | G24: =SUM(Autophagy!G3:G730) -> 0 | H24: =SUM(Autophagy!H3:H730) -> 3 | I24: =SUM(Autophagy!I3:I730) -> 0 | ... AI24: =SUM(Autophagy!AI3:AI730) -> 0
A25: Drug ADME | B25: =SUM('Drug ADME'!B3:B720) -> 0 | C25: =SUM('Drug ADME'!C3:C720) -> 0 | D25: =SUM('Drug ADME'!D3:D720) -> 0 | E25: =SUM('Drug ADME'!E3:E720) -> 0 | F25: =SUM('Drug ADME'!F3:F720) -> 0 | G25: =SUM('Drug ADME'!G3:G720) -> 0 | H25: =SUM('Drug ADME'!H3:H720) -> 0 | I25: =SUM('Drug ADME'!I3:I720) -> 0 | ... AI25: =SUM('Drug ADME'!AI3:AI720) -> 0
A26: Muscle contraction | B26: =SUM('Muscle contraction'!B3:B721) -> 0 | C26: =SUM('Muscle contraction'!C3:C721) -> 0 | D26: =SUM('Muscle contraction'!D3:D721) -> 0 | E26: =SUM('Muscle contraction'!E3:E721) -> 0 | F26: =SUM('Muscle contraction'!F3:F721) -> 0 | G26: =SUM('Muscle contraction'!G3:G721) -> 0 | H26: =SUM('Muscle contraction'!H3:H721) -> 0 | I26: =SUM('Muscle contraction'!I3:I721) -> 0 | ... AI26: =SUM('Muscle contraction'!AI3:AI721) -> 0
A27: Reproduction | B27: =SUM(Reproduction!B3:B721) -> 0 | C27: =SUM(Reproduction!C3:C721) -> 0 | D27: =SUM(Reproduction!D3:D721) -> 0 | E27: =SUM(Reproduction!E3:E721) -> 0 | F27: =SUM(Reproduction!F3:F721) -> 0 | G27: =SUM(Reproduction!G3:G721) -> 0 | H27: =SUM(Reproduction!H3:H721) -> 0 | I27: =SUM(Reproduction!I3:I721) -> 0 | ... AI27: =SUM(Reproduction!AI3:AI721) -> 0
A28: Chromatin organization | B28: =SUM('Chromatin organization'!B3:B716) -> 0 | C28: =SUM('Chromatin organization'!C3:C716) -> 0 | D28: =SUM('Chromatin organization'!D3:D716) -> 0 | E28: =SUM('Chromatin organization'!E3:E716) -> 0 | F28: =SUM('Chromatin organization'!F3:F716) -> 6 | G28: =SUM('Chromatin organization'!G3:G716) -> 0 | H28: =SUM('Chromatin organization'!H3:H716) -> 0 | I28: =SUM('Chromatin organization'!I3:I716) -> 0 | ... AI28: =SUM('Chromatin organization'!AI3:AI716) -> 0
A29: Digestion and absorption | B29: =SUM('Digestion and absorption'!B3:B716) -> 0 | C29: =SUM('Digestion and absorption'!C3:C716) -> 0 | D29: =SUM('Digestion and absorption'!D3:D716) -> 0 | E29: =SUM('Digestion and absorption'!E3:E716) -> 0 | F29: =SUM('Digestion and absorption'!F3:F716) -> 0 | G29: =SUM('Digestion and absorption'!G3:G716) -> 0 | H29: =SUM('Digestion and absorption'!H3:H716) -> 0 | I29: =SUM('Digestion and absorption'!I3:I716) -> 0 | ... AI29: =SUM('Digestion and absorption'!AI3:AI716) -> 0
A30: Protein localization | B30: =SUM('Protein localization'!B3:B715) -> 0 | C30: =SUM('Protein localization'!C3:C715) -> 0 | D30: =SUM('Protein localization'!D3:D715) -> 0 | E30: =SUM('Protein localization'!E3:E715) -> 0 | F30: =SUM('Protein localization'!F3:F715) -> 0 | G30: =SUM('Protein localization'!G3:G715) -> 0 | H30: =SUM('Protein localization'!H3:H715) -> 1 | I30: =SUM('Protein localization'!I3:I715) -> 0 | ... AI30: =SUM('Protein localization'!AI3:AI715) -> 0
A31: Circadian Clock | B31: =SUM('Circadian Clock'!B3:B713) -> 0 | C31: =SUM('Circadian Clock'!C3:C713) -> 0 | D31: =SUM('Circadian Clock'!D3:D713) -> 0 | E31: =SUM('Circadian Clock'!E3:E713) -> 0 | F31: =SUM('Circadian Clock'!F3:F713) -> 0 | G31: =SUM('Circadian Clock'!G3:G713) -> 0 | H31: =SUM('Circadian Clock'!H3:H713) -> 0 | I31: =SUM('Circadian Clock'!I3:I713) -> 0 | ... AI31: =SUM('Circadian Clock'!AI3:AI713) -> 0
B32: =SUM(B3:B31) -> 338 | C32: =SUM(C3:C31) -> 78 | D32: =SUM(D3:D31) -> 52 | E32: =SUM(E3:E31) -> 231 | F32: =SUM(F3:F31) -> 21 | G32: =SUM(G3:G31) -> 575 | H32: =SUM(H3:H31) -> 56 | I32: =SUM(I3:I31) -> 80 | ... AI32: =SUM(AI3:AI31) -> 32

Sheet Disease
A1: Back to main page
A2: group | B2: ALTERS CELL PROLIFERATION AND CELL DEATH | C2: MODULATES NUCLEAR RECEPTOR-MEDIATED EFFECTS | D2: INDUCES OXIDATIVE STRESS | E2: CAUSES INFLAMMATION | F2: INDUCES EPIGENETIC ALTERATIONS | G2: ALTERS SIGNAL TRANSDUCTION | H2: CAUSES MITOCHONDRIAL DYSFUNCTION | I2: IS GENOTOXIC | J2: IS METABOLICALLY ACTIVATED OR REACTIVE | K2: ALTERS CELL-CELL INTERACTIONS AND COMMUNICATION | L2: DISRUPTS CELLULAR CYTOSKELETON | M2: IS IMMUNOSUPPRESSIVE | N2: ALTERS PRODUCTION OF HORMONE | O2: DISRUPTS LIPID AND PROTEIN METABOLISM OR CAUSES DYSLIPIDEMIA | P2: DISRUPTS TRANSPORT FUNCTION | Q2: ALTERS GERM CELL DEVELOPMENT, FUNCTION, OR DEATH | R2: AFFECTS ANTIGEN PROCESSING AND PRESENTATION | S2: ALTERS DNA REPAIR OR CAUSES GENOMIC INSTABILITY | T2: ALTERS EFFECTOR FUNCTION OF SPECIFIC CELL TYPES | U2: ALTERS HEMOSTASIS | V2: ALTERS HORMONE DISTRIBUTION OR CIRCULATING HORMONE LEVELS | W2: ALTERS HORMONE METABOLISM OR CLEARANCE | X2: ALTERS IMMUNE CELL SIGNALING | Y2: ALTERS IMMUNE CELL TRAFFICKING | Z2: BREAKS DOWN IMMUNE TOLERANCE | AA2: ACTIVATES STRESS SIGNALING PATHWAYS | AB2: CAUSES CHOLESTASIS | AC2: CAUSES IMMORTALIZATION | AD2: CAUSES LIVER FIBROSIS | AE2: IMPACTS ENDOTHELIAL AND VASCULAR FUNCTION | AF2: IMPAIRS CARDIAC CONTRACTILITY AND RELAXATION | AG2: IMPAIRS REGULATION OF CARDIAC EXCITABILITY | AH2: MODIFIES AUTONOMIC NERVOUS SYSTEM ACTIVITY | AI2: MODIFIES CELLULAR DIFFERENTIATION
A3: Diseases of Immune System | B3: 0 | C3: 0 | D3: 0 | E3: 1 | F3: 0 | G3: 0 | H3: 0 | I3: 0 | J3: 0 | K3: 0 | L3: 0 | M3: 0 | N3: 0 | O3: 0 | P3: 0 | Q3: 0 | R3: 0 | S3: 0 | T3: 0 | U3: 0 | V3: 0 | W3: 0 | X3: 1 | Y3: 0 | Z3: 0 | AA3: 0 | AB3: 0 | AC3: 0 | AD3: 0 | AE3: 0 | AF3: 0 | AG3: 0 | AH3: 0 | AI3: 0
A4: Disorders of transmembrane transporters | B4: 0 | C4: 0 | D4: 0 | E4: 0 | F4: 0 | G4: 0 | H4: 0 | I4: 0 | J4: 0 | K4: 0 | L4: 0 | M4: 0 | N4: 0 | O4: 0 | P4: 1 | Q4: 0 | R4: 0 | S4: 0 | T4: 0 | U4: 0 | V4: 0 | W4: 0 | X4: 0 | Y4: 0 | Z4: 0 | AA4: 0 | AB4: 0 | AC4: 0 | AD4: 0 | AE4: 0 | AF4: 0 | AG4: 0 | AH4: 0 | AI4: 0
A5: Diseases of signal transduction by growth factor receptors and second messengers | B5: 0 | C5: 0 | D5: 0 | E5: 0 | F5: 0 | G5: 1 | H5: 0 | I5: 0 | J5: 0 | K5: 0 | L5: 0 | M5: 0 | N5: 0 | O5: 0 | P5: 0 | Q5: 0 | R5: 0 | S5: 0 | T5: 0 | U5: 0 | V5: 0 | W5: 0 | X5: 0 | Y5: 0 | Z5: 0 | AA5: 0 | AB5: 0 | AC5: 0 | AD5: 0 | AE5: 0 | AF5: 0 | AG5: 0 | AH5: 0 | AI5: 0
A6: Infectious disease | B6: 0 | C6: 0 | D6: 0 | E6: 0 | F6: 0 | G6: 0 | H6: 0 | I6: 0 | J6: 0 | K6: 0 | L6: 0 | M6: 0 | N6: 0 | O6: 0 | P6: 0 | Q6: 0 | R6: 0 | S6: 0 | T6: 0 | U6: 0 | V6: 0 | W6: 0 | X6: 0 | Y6: 0 | Z6: 0 | AA6: 0 | AB6: 0 | AC6: 0 | AD6: 0 | AE6: 0 | AF6: 0 | AG6: 0 | AH6: 0 | AI6: 0
A7: Diseases of metabolism | B7: 0 | C7: 0 | D7: 0 | E7: 0 | F7: 0 | G7: 0 | H7: 0 | I7: 0 | J7: 0 | K7: 0 | L7: 0 | M7: 0 | N7: 0 | O7: 0 | P7: 0 | Q7: 0 | R7: 0 | S7: 0 | T7: 0 | U7: 0 | V7: 0 | W7: 0 | X7: 0 | Y7: 0 | Z7: 0 | AA7: 0 | AB7: 0 | AC7: 0 | AD7: 0 | AE7: 0 | AF7: 0 | AG7: 0 | AH7: 0 | AI7: 0
A8: Diseases of programmed cell death | B8: 1 | C8: 0 | D8: 0 | E8: 0 | F8: 0 | G8: 0 | H8: 0 | I8: 0 | J8: 0 | K8: 0 | L8: 0 | M8: 0 | N8: 0 | O8: 0 | P8: 0 | Q8: 0 | R8: 0 | S8: 0 | T8: 0 | U8: 0 | V8: 0 | W8: 0 | X8: 0 | Y8: 0 | Z8: 0 | AA8: 0 | AB8: 0 | AC8: 0 | AD8: 0 | AE8: 0 | AF8: 0 | AG8: 0 | AH8: 0 | AI8: 0
A9: Diseases of hemostasis | B9: 0 | C9: 0 | D9: 0 | E9: 0 | F9: 0 | G9: 0 | H9: 0 | I9: 0 | J9: 0 | K9: 0 | L9: 0 | M9: 0 | N9: 0 | O9: 0 | P9: 0 | Q9: 0 | R9: 0 | S9: 0 | T9: 0 | U9: 1 | V9: 0 | W9: 0 | X9: 0 | Y9: 0 | Z9: 0 | AA9: 0 | AB9: 0 | AC9: 0 | AD9: 0 | AE9: 0 | AF9: 0 | AG9: 0 | AH9: 0 | AI9: 0
A10: Diseases of mitotic cell cycle | B10: 1 | C10: 0 | D10: 0 | E10: 0 | F10: 0 | G10: 0 | H10: 0 | I10: 0 | J10: 0 | K10: 0 | L10: 0 | M10: 0 | N10: 0 | O10: 0 | P10: 0 | Q10: 0 | R10: 0 | S10: 0 | T10: 0 | U10: 0 | V10: 0 | W10: 0 | X10: 0 | Y10: 0 | Z10: 0 | AA10: 0 | AB10: 0 | AC10: 0 | AD10: 0 | AE10: 0 | AF10: 0 | AG10: 0 | AH10: 0 | AI10: 0
A11: Diseases of cellular response to stress | B11: 0 | C11: 0 | D11: 0 | E11: 0 | F11: 0 | G11: 1 | H11: 0 | I11: 0 | J11: 0 | K11: 0 | L11: 0 | M11: 0 | N11: 0 | O11: 0 | P11: 0 | Q11: 0 | R11: 0 | S11: 0 | T11: 0 | U11: 0 | V11: 0 | W11: 0 | X11: 0 | Y11: 0 | Z11: 0 | AA11: 0 | AB11: 0 | AC11: 0 | AD11: 0 | AE11: 0 | AF11: 0 | AG11: 0 | AH11: 0 | AI11: 0
A12: Diseases of DNA repair | B12: 0 | C12: 0 | D12: 0 | E12: 0 | F12: 0 | G12: 0 | H12: 0 | I12: 0 | J12: 0 | K12: 0 | L12: 0 | M12: 0 | N12: 0 | O12: 0 | P12: 0 | Q12: 0 | R12: 0 | S12: 1 | T12: 0 | U12: 0 | V12: 0 | W12: 0 | X12: 0 | Y12: 0 | Z12: 0 | AA12: 0 | AB12: 0 | AC12: 0 | AD12: 0 | AE12: 0 | AF12: 0 | AG12: 0 | AH12: 0 | AI12: 0
A13: Diseases of the neuronal system | B13: 0 | C13: 0 | D13: 0 | E13: 0 | F13: 0 | G13: 0 | H13: 0 | I13: 0 | J13: 0 | K13: 0 | L13: 0 | M13: 0 | N13: 0 | O13: 0 | P13: 0 | Q13: 0 | R13: 0 | S13: 0 | T13: 0 | U13: 0 | V13: 0 | W13: 0 | X13: 0 | Y13: 0 | Z13: 0 | AA13: 0 | AB13: 0 | AC13: 0 | AD13: 0 | AE13: 0 | AF13: 0 | AG13: 0 | AH13: 0 | AI13: 0
A14: Disorders of Developmental Biology | B14: 0 | C14: 0 | D14: 0 | E14: 0 | F14: 0 | G14: 0 | H14: 0 | I14: 0 | J14: 0 | K14: 0 | L14: 0 | M14: 0 | N14: 0 | O14: 0 | P14: 0 | Q14: 0 | R14: 0 | S14: 0 | T14: 0 | U14: 0 | V14: 0 | W14: 0 | X14: 0 | Y14: 0 | Z14: 0 | AA14: 0 | AB14: 0 | AC14: 0 | AD14: 0 | AE14: 0 | AF14: 0 | AG14: 0 | AH14: 0 | AI14: 0
... A626: Microbial modulation of RIPK1-mediated regulated necrosis | B626: 1 | C626: 0 | D626: 0 | E626: 0 | F626: 0 | G626: 0 | H626: 0 | I626: 0 | J626: 0 | K626: 0 | L626: 0 | M626: 0 | N626: 0 | O626: 0 | P626: 0 | Q626: 0 | R626: 0 | S626: 0 | T626: 0 | U626: 0 | V626: 0 | W626: 0 | X626: 0 | Y626: 0 | Z626: 0 | AA626: 0 | AB626: 0 | AC626: 0 | AD626: 0 | AE626: 0 | AF626: 0 | AG626: 0 | AH626: 0 | AI626: 0
A627: Neurodegenerative Diseases | C627: 0 | D627: 0 | E627: 0 | F627: 0 | G627: 0 | H627: 0 | I627: 0 | J627: 0 | K627: 0 | L627: 0 | M627: 0 | N627: 0 | O627: 0 | P627: 0 | Q627: 0 | R627: 0 | S627: 0 | T627: 0 | U627: 0 | V627: 0 | W627: 0 | X627: 0 | Y627: 0 | Z627: 0 | AA627: 0 | AB627: 0 | AC627: 0 | AD627: 0 | AE627: 0 | AF627: 0 | AG627: 0 | AH627: 0 | AI627: 0
A628: Defective Intrinsic Pathway for Apoptosis Due to p14ARF Loss of Function | B628: 1 | C628: 0 | D628: 0 | E628: 0 | F628: 0 | G628: 0 | H628: 0 | I628: 0 | J628: 0 | K628: 0 | L628: 0 | M628: 0 | N628: 0 | O628: 0 | P628: 0 | Q628: 0 | R628: 0 | S628: 0 | T628: 0 | U628: 0 | V628: 0 | W628: 0 | X628: 0 | Y628: 0 | Z628: 0 | AA628: 0 | AB628: 0 | AC628: 0 | AD628: 0 | AE628: 0 | AF628: 0 | AG628: 0 | AH628: 0 | AI628: 0
A629: Loss of Function of TP53 in Cancer | B629: 1 | C629: 0 | D629: 0 | E629: 0 | F629: 0 | G629: 0 | H629: 0 | I629: 0 | J629: 0 | K629: 0 | L629: 0 | M629: 0 | N629: 0 | O629: 0 | P629: 0 | Q629: 0 | R629: 0 | S629: 0 | T629: 0 | U629: 0 | V629: 0 | W629: 0 | X629: 0 | Y629: 0 | Z629: 0 | AA629: 0 | AB629: 0 | AC629: 0 | AD629: 0 | AE629: 0 | AF629: 0 | AG629: 0 | AH629: 0 | AI629: 0
A630: Deregulated CDK5 triggers multiple neurodegenerative pathways in Alzheimer's disease models | B630: 0 | C630: 0 | D630: 0 | E630: 0 | F630: 0 | G630: 0 | H630: 0 | I630: 0 | J630: 0 | K630: 0 | L630: 0 | M630: 0 | N630: 0 | O630: 0 | P630: 0 | Q630: 0 | R630: 0 | S630: 0 | T630: 0 | U630: 0 | V630: 0 | W630: 0 | X630: 0 | Y630: 0 | Z630: 0 | AA630: 0 | AB630: 0 | AC630: 0 | AD630: 0 | AE630: 0 | AF630: 0 | AG630: 0 | AH630: 0 | AI630: 0
A631: Loss of function of TP53 in cancer due to loss of tetramerization ability | B631: 1 | C631: 0 | D631: 0 | E631: 0 | F631: 0 | G631: 0 | H631: 0 | I631: 0 | J631: 0 | K631: 0 | L631: 0 | M631: 0 | N631: 0 | O631: 0 | P631: 0 | Q631: 0 | R631: 0 | S631: 0 | T631: 0 | U631: 0 | V631: 0 | W631: 0 | X631: 0 | Y631: 0 | Z631: 0 | AA631: 0 | AB631: 0 | AC631: 0 | AD631: 0 | AE631: 0 | AF631: 0 | AG631: 0 | AH631: 0 | AI631: 0
A632: Defects of contact activation system (CAS) and kallikrein/kinin system (KKS) | B632: 0 | C632: 0 | D632: 0 | E632: 0 | F632: 0 | G632: 0 | H632: 0 | I632: 0 | J632: 0 | K632: 0 | L632: 0 | M632: 0 | N632: 0 | O632: 0 | P632: 0 | Q632: 0 | R632: 0 | S632: 0 | T632: 0 | U632: 1 | V632: 0 | W632: 0 | X632: 0 | Y632: 0 | Z632: 0 | AA632: 0 | AB632: 0 | AC632: 0 | AD632: 0 | AE632: 0 | AF632: 0 | AG632: 0 | AH632: 0 | AI632: 0
A633: Defective factor XII causes hereditary angioedema | B633: 0 | C633: 0 | D633: 0 | E633: 0 | F633: 0 | G633: 0 | H633: 0 | I633: 0 | J633: 0 | K633: 0 | L633: 0 | M633: 0 | N633: 0 | O633: 0 | P633: 0 | Q633: 0 | R633: 0 | S633: 0 | T633: 0 | U633: 1 | V633: 0 | W633: 0 | X633: 0 | Y633: 0 | Z633: 0 | AA633: 0 | AB633: 0 | AC633: 0 | AD633: 0 | AE633: 0 | AF633: 0 | AG633: 0 | AH633: 0 | AI633: 0
A634: Defective SERPING1 causes hereditary angioedema | B634: 0 | C634: 0 | D634: 0 | E634: 0 | F634: 0 | G634: 0 | H634: 0 | I634: 0 | J634: 0 | K634: 0 | L634: 0 | M634: 0 | N634: 0 | O634: 0 | P634: 0 | Q634: 0 | R634: 0 | S634: 0 | T634: 0 | U634: 0 | V634: 0 | W634: 0 | X634: 0 | Y634: 0 | Z634: 0 | AA634: 0 | AB634: 0 | AC634: 0 | AD634: 0 | AE634: 0 | AF634: 0 | AG634: 0 | AH634: 0 | AI634: 0
A635: Defective factor VIII causes hemophilia A | B635: 0 | C635: 0 | D635: 0 | E635: 0 | F635: 0 | G635: 0 | H635: 0 | I635: 0 | J635: 0 | K635: 0 | L635: 0 | M635: 0 | N635: 0 | O635: 0 | P635: 0 | Q635: 0 | R635: 0 | S635: 0 | T635: 0 | U635: 1 | V635: 0 | W635: 0 | X635: 0 | Y635: 0 | Z635: 0 | AA635: 0 | AB635: 0 | AC635: 0 | AD635: 0 | AE635: 0 | AF635: 0 | AG635: 0 | AH635: 0 | AI635: 0
A636: Defective factor IX causes hemophilia B | B636: 0 | C636: 0 | D636: 0 | E636: 0 | F636: 0 | G636: 0 | H636: 0 | I636: 0 | J636: 0 | K636: 0 | L636: 0 | M636: 0 | N636: 0 | O636: 0 | P636: 0 | Q636: 0 | R636: 0 | S636: 0 | T636: 0 | U636: 1 | V636: 0 | W636: 0 | X636: 0 | Y636: 0 | Z636: 0 | AA636: 0 | AB636: 0 | AC636: 0 | AD636: 0 | AE636: 0 | AF636: 0 | AG636: 0 | AH636: 0 | AI636: 0
A637: Defective factor IX causes thrombophilia | B637: 0 | C637: 0 | D637: 0 | E637: 0 | F637: 0 | G637: 0 | H637: 0 | I637: 0 | J637: 0 | K637: 0 | L637: 0 | M637: 0 | N637: 0 | O637: 0 | P637: 0 | Q637: 0 | R637: 0 | S637: 0 | T637: 0 | U637: 1 | V637: 0 | W637: 0 | X637: 0 | Y637: 0 | Z637: 0 | AA637: 0 | AB637: 0 | AC637: 0 | AD637: 0 | AE637: 0 | AF637: 0 | AG637: 0 | AH637: 0 | AI637: 0
A638: Defective F8 accelerates dissociation of the A2 domain | B638: 0 | C638: 0 | D638: 0 | E638: 0 | F638: 0 | G638: 0 | H638: 0 | I638: 0 | J638: 0 | K638: 0 | L638: 0 | M638: 0 | N638: 0 | O638: 0 | P638: 0 | Q638: 0 | R638: 0 | S638: 0 | T638: 0 | U638: 1 | V638: 0 | W638: 0 | X638: 0 | Y638: 0 | Z638: 0 | AA638: 0 | AB638: 0 | AC638: 0 | AD638: 0 | AE638: 0 | AF638: 0 | AG638: 0 | AH638: 0 | AI638: 0
A639: Defective F8 cleavage by thrombin | B639: 0 | C639: 0 | D639: 0 | E639: 0 | F639: 0 | G639: 0 | H639: 0 | I639: 0 | J639: 0 | K639: 0 | L639: 0 | M639: 0 | N639: 0 | O639: 0 | P639: 0 | Q639: 0 | R639: 0 | S639: 0 | T639: 0 | U639: 1 | V639: 0 | W639: 0 | X639: 0 | Y639: 0 | Z639: 0 | AA639: 0 | AB639: 0 | AC639: 0 | AD639: 0 | AE639: 0 | AF639: 0 | AG639: 0 | AH639: 0 | AI639: 0
... A709: Loss of MECP2 binding ability to 5mC-DNA | B709: 0 | C709: 0 | D709: 0 | E709: 0 | F709: 0 | G709: 0 | H709: 0 | I709: 0 | J709: 0 | K709: 0 | L709: 0 | M709: 0 | N709: 0 | O709: 0 | P709: 0 | Q709: 0 | R709: 0 | S709: 0 | T709: 0 | U709: 0 | V709: 0 | W709: 0 | X709: 0 | Y709: 0 | Z709: 0 | AA709: 0 | AB709: 0 | AC709: 0 | AD709: 0 | AE709: 0 | AF709: 0 | AG709: 0 | AH709: 0 | AI709: 0

Sheet Signal Transduction
A1: Back to main page
A2: group | B2: ALTERS CELL PROLIFERATION AND CELL DEATH | C2: MODULATES NUCLEAR RECEPTOR-MEDIATED EFFECTS | D2: INDUCES OXIDATIVE STRESS | E2: CAUSES INFLAMMATION | F2: INDUCES EPIGENETIC ALTERATIONS | G2: ALTERS SIGNAL TRANSDUCTION | H2: CAUSES MITOCHONDRIAL DYSFUNCTION | I2: IS GENOTOXIC | J2: IS METABOLICALLY ACTIVATED OR REACTIVE | K2: ALTERS CELL-CELL INTERACTIONS AND COMMUNICATION | L2: DISRUPTS CELLULAR CYTOSKELETON | M2: IS IMMUNOSUPPRESSIVE | N2: ALTERS PRODUCTION OF HORMONE | O2: DISRUPTS LIPID AND PROTEIN METABOLISM OR CAUSES DYSLIPIDEMIA | P2: DISRUPTS TRANSPORT FUNCTION | Q2: ALTERS GERM CELL DEVELOPMENT, FUNCTION, OR DEATH | R2: AFFECTS ANTIGEN PROCESSING AND PRESENTATION | S2: ALTERS DNA REPAIR OR CAUSES GENOMIC INSTABILITY | T2: ALTERS EFFECTOR FUNCTION OF SPECIFIC CELL TYPES | U2: ALTERS HEMOSTASIS | V2: ALTERS HORMONE DISTRIBUTION OR CIRCULATING HORMONE LEVELS | W2: ALTERS HORMONE METABOLISM OR CLEARANCE | X2: ALTERS IMMUNE CELL SIGNALING | Y2: ALTERS IMMUNE CELL TRAFFICKING | Z2: BREAKS DOWN IMMUNE TOLERANCE | AA2: ACTIVATES STRESS SIGNALING PATHWAYS | AB2: CAUSES CHOLESTASIS | AC2: CAUSES IMMORTALIZATION | AD2: CAUSES LIVER FIBROSIS | AE2: IMPACTS ENDOTHELIAL AND VASCULAR FUNCTION | AF2: IMPAIRS CARDIAC CONTRACTILITY AND RELAXATION | AG2: IMPAIRS REGULATION OF CARDIAC EXCITABILITY | AH2: MODIFIES AUTONOMIC NERVOUS SYSTEM ACTIVITY | AI2: MODIFIES CELLULAR DIFFERENTIATION
A3: Signaling by NOTCH | B3: 1 | C3: 0 | D3: 0 | E3: 0 | F3: 0 | G3: 1 | H3: 0 | I3: 0 | J3: 0 | K3: 1 | L3: 0 | M3: 0 | N3: 0 | O3: 0 | P3: 0 | Q3: 0 | R3: 0 | S3: 0 | T3: 0 | U3: 0 | V3: 0 | W3: 0 | X3: 0 | Y3: 0 | Z3: 0 | AA3: 0 | AB3: 0 | AC3: 0 | AD3: 0 | AE3: 0 | AF3: 0 | AG3: 0 | AH3: 0 | AI3: 1
A4: MTOR signalling | B4: 1 | C4: 0 | D4: 0 | E4: 0 | F4: 0 | G4: 1 | H4: 0 | I4: 0 | J4: 0 | K4: 0 | L4: 0 | M4: 0 | N4: 0 | O4: 0 | P4: 0 | Q4: 0 | R4: 0 | S4: 0 | T4: 0 | U4: 0 | V4: 0 | W4: 0 | X4: 0 | Y4: 0 | Z4: 0 | AA4: 0 | AB4: 0 | AC4: 0 | AD4: 0 | AE4: 0 | AF4: 0 | AG4: 0 | AH4: 0 | AI4: 0
A5: Signaling by WNT | B5: 1 | C5: 0 | D5: 0 | E5: 0 | F5: 0 | G5: 1 | H5: 0 | I5: 0 | J5: 0 | K5: 0 | L5: 0 | M5: 0 | N5: 0 | O5: 0 | P5: 0 | Q5: 0 | R5: 0 | S5: 0 | T5: 0 | U5: 0 | V5: 0 | W5: 0 | X5: 0 | Y5: 0 | Z5: 0 | AA5: 0 | AB5: 0 | AC5: 0 | AD5: 0 | AE5: 0 | AF5: 0 | AG5: 0 | AH5: 0 | AI5: 0
A6: Signaling by Hippo | B6: 1 | C6: 0 | D6: 0 | E6: 0 | F6: 0 | G6: 1 | H6: 0 | I6: 0 | J6: 0 | K6: 0 | L6: 0 | M6: 0 | N6: 0 | O6: 0 | P6: 0 | Q6: 0 | R6: 0 | S6: 0 | T6: 0 | U6: 0 | V6: 0 | W6: 0 | X6: 0 | Y6: 0 | Z6: 0 | AA6: 0 | AB6: 0 | AC6: 0 | AD6: 0 | AE6: 0 | AF6: 0 | AG6: 0 | AH6: 0 | AI6: 0
A7: Signaling by Leptin | B7: 0 | C7: 0 | D7: 0 | E7: 0 | F7: 0 | G7: 1 | H7: 0 | I7: 0 | J7: 0 | K7: 0 | L7: 0 | M7: 0 | N7: 0 | O7: 0 | P7: 0 | Q7: 0 | R7: 0 | S7: 0 | T7: 0 | U7: 0 | V7: 0 | W7: 0 | X7: 0 | Y7: 0 | Z7: 0 | AA7: 0 | AB7: 0 | AC7: 0 | AD7: 0 | AE7: 0 | AF7: 0 | AG7: 0 | AH7: 0 | AI7: 0
A8: Integrin signaling | B8: 0 | C8: 0 | D8: 0 | E8: 0 | F8: 0 | G8: 1 | H8: 0 | I8: 0 | J8: 0 | K8: 0 | L8: 0 | M8: 0 | N8: 0 | O8: 0 | P8: 0 | Q8: 0 | R8: 0 | S8: 0 | T8: 0 | U8: 0 | V8: 0 | W8: 0 | X8: 0 | Y8: 0 | Z8: 0 | AA8: 0 | AB8: 0 | AC8: 0 | AD8: 0 | AE8: 0 | AF8: 0 | AG8: 0 | AH8: 0 | AI8: 0
A9: Signaling by GPCR | B9: 0 | C9: 1 | D9: 0 | E9: 0 | F9: 0 | G9: 1 | H9: 0 | I9: 0 | J9: 0 | K9: 0 | L9: 0 | M9: 0 | N9: 0 | O9: 0 | P9: 0 | Q9: 0 | R9: 0 | S9: 0 | T9: 0 | U9: 0 | V9: 0 | W9: 0 | X9: 0 | Y9: 0 | Z9: 0 | AA9: 0 | AB9: 0 | AC9: 0 | AD9: 0 | AE9: 0 | AF9: 1 | AG9: 0 | AH9: 0 | AI9: 0
A10: Signaling by Hedgehog | B10: 0 | C10: 0 | D10: 0 | E10: 0 | F10: 0 | G10: 1 | H10: 0 | I10: 0 | J10: 0 | K10: 0 | L10: 0 | M10: 0 | N10: 0 | O10: 0 | P10: 0 | Q10: 0 | R10: 0 | S10: 0 | T10: 0 | U10: 0 | V10: 0 | W10: 0 | X10: 0 | Y10: 0 | Z10: 0 | AA10: 0 | AB10: 0 | AC10: 0 | AD10: 0 | AE10: 0 | AF10: 0 | AG10: 0 | AH10: 0 | AI10: 0
A11: MAPK family signaling cascades | B11: 1 | C11: 0 | D11: 0 | E11: 0 | F11: 0 | G11: 1 | H11: 0 | I11: 0 | J11: 0 | K11: 0 | L11: 0 | M11: 0 | N11: 0 | O11: 0 | P11: 0 | Q11: 0 | R11: 0 | S11: 0 | T11: 0 | U11: 0 | V11: 0 | W11: 0 | X11: 0 | Y11: 0 | Z11: 0 | AA11: 0 | AB11: 0 | AC11: 0 | AD11: 0 | AE11: 0 | AF11: 0 | AG11: 0 | AH11: 0 | AI11: 0
A12: Death Receptor Signaling | B12: 1 | C12: 0 | D12: 0 | E12: 0 | F12: 0 | G12: 1 | H12: 0 | I12: 0 | J12: 0 | K12: 0 | L12: 0 | M12: 0 | N12: 0 | O12: 0 | P12: 0 | Q12: 0 | R12: 0 | S12: 0 | T12: 0 | U12: 0 | V12: 0 | W12: 0 | X12: 0 | Y12: 0 | Z12: 0 | AA12: 1 | AB12: 0 | AC12: 0 | AD12: 0 | AE12: 0 | AF12: 0 | AG12: 0 | AH12: 0 | AI12: 0
A13: Signaling by Erythropoietin | B13: 0 | C13: 0 | D13: 0 | E13: 0 | F13: 0 | G13: 1 | H13: 0 | I13: 0 | J13: 0 | K13: 0 | L13: 0 | M13: 0 | N13: 0 | O13: 0 | P13: 0 | Q13: 0 | R13: 0 | S13: 0 | T13: 0 | U13: 0 | V13: 0 | W13: 0 | X13: 0 | Y13: 0 | Z13: 0 | AA13: 0 | AB13: 0 | AC13: 0 | AD13: 0 | AE13: 0 | AF13: 0 | AG13: 0 | AH13: 0 | AI13: 0
A14: Intracellular signaling by second messengers | B14: 0 | C14: 0 | D14: 0 | E14: 0 | F14: 0 | G14: 1 | H14: 0 | I14: 0 | J14: 0 | K14: 0 | L14: 0 | M14: 0 | N14: 0 | O14: 0 | P14: 0 | Q14: 0 | R14: 0 | S14: 0 | T14: 0 | U14: 0 | V14: 0 | W14: 0 | X14: 0 | Y14: 0 | Z14: 0 | AA14: 0 | AB14: 0 | AC14: 0 | AD14: 0 | AE14: 0 | AF14: 0 | AG14: 0 | AH14: 0 | AI14: 0
... A406: RHOT1 GTPase cycle | B406: 0 | C406: 0 | D406: 0 | E406: 0 | F406: 0 | G406: 1 | H406: 0 | I406: 0 | J406: 0 | K406: 0 | L406: 0 | M406: 0 | N406: 0 | O406: 0 | P406: 0 | Q406: 0 | R406: 0 | S406: 0 | T406: 0 | U406: 0 | V406: 0 | W406: 0 | X406: 0 | Y406: 0 | Z406: 0 | AA406: 0 | AB406: 0 | AC406: 0 | AD406: 0 | AE406: 0 | AF406: 0 | AG406: 0 | AH406: 0 | AI406: 0

Sheet Metabolism
A1: Back to main page
A2: group | B2: ALTERS CELL PROLIFERATION AND CELL DEATH | C2: MODULATES NUCLEAR RECEPTOR-MEDIATED EFFECTS | D2: INDUCES OXIDATIVE STRESS | E2: CAUSES INFLAMMATION | F2: INDUCES EPIGENETIC ALTERATIONS | G2: ALTERS SIGNAL TRANSDUCTION | H2: CAUSES MITOCHONDRIAL DYSFUNCTION | I2: IS GENOTOXIC | J2: IS METABOLICALLY ACTIVATED OR REACTIVE | K2: ALTERS CELL-CELL INTERACTIONS AND COMMUNICATION | L2: DISRUPTS CELLULAR CYTOSKELETON | M2: IS IMMUNOSUPPRESSIVE | N2: ALTERS PRODUCTION OF HORMONE | O2: DISRUPTS LIPID AND PROTEIN METABOLISM OR CAUSES DYSLIPIDEMIA | P2: DISRUPTS TRANSPORT FUNCTION | Q2: ALTERS GERM CELL DEVELOPMENT, FUNCTION, OR DEATH | R2: AFFECTS ANTIGEN PROCESSING AND PRESENTATION | S2: ALTERS DNA REPAIR OR CAUSES GENOMIC INSTABILITY | T2: ALTERS EFFECTOR FUNCTION OF SPECIFIC CELL TYPES | U2: ALTERS HEMOSTASIS | V2: ALTERS HORMONE DISTRIBUTION OR CIRCULATING HORMONE LEVELS | W2: ALTERS HORMONE METABOLISM OR CLEARANCE | X2: ALTERS IMMUNE CELL SIGNALING | Y2: ALTERS IMMUNE CELL TRAFFICKING | Z2: BREAKS DOWN IMMUNE TOLERANCE | AA2: ACTIVATES STRESS SIGNALING PATHWAYS | AB2: CAUSES CHOLESTASIS | AC2: CAUSES IMMORTALIZATION | AD2: CAUSES LIVER FIBROSIS | AE2: IMPACTS ENDOTHELIAL AND VASCULAR FUNCTION | AF2: IMPAIRS CARDIAC CONTRACTILITY AND RELAXATION | AG2: IMPAIRS REGULATION OF CARDIAC EXCITABILITY | AH2: MODIFIES AUTONOMIC NERVOUS SYSTEM ACTIVITY | AI2: MODIFIES CELLULAR DIFFERENTIATION
A3: Mitochondrial iron-sulfur cluster biogenesis | B3: 0 | C3: 0 | D3: 0 | E3: 0 | F3: 0 | G3: 0 | H3: 1 | I3: 0 | J3: 0 | K3: 0 | L3: 0 | M3: 0 | N3: 0 | O3: 0 | P3: 0 | Q3: 0 | R3: 0 | S3: 0 | T3: 0 | U3: 0 | V3: 0 | W3: 0 | X3: 0 | Y3: 0 | Z3: 0 | AA3: 0 | AB3: 0 | AC3: 0 | AD3: 0 | AE3: 0 | AF3: 0 | AG3: 0 | AH3: 0 | AI3: 0
A4: The citric acid (TCA) cycle and respiratory electron transport | B4: 0 | C4: 0 | D4: 0 | E4: 0 | F4: 0 | G4: 0 | H4: 1 | I4: 0 | J4: 0 | K4: 0 | L4: 0 | M4: 0 | N4: 0 | O4: 1 | P4: 0 | Q4: 0 | R4: 0 | S4: 0 | T4: 0 | U4: 0 | V4: 0 | W4: 0 | X4: 0 | Y4: 0 | Z4: 0 | AA4: 0 | AB4: 0 | AC4: 0 | AD4: 0 | AE4: 0 | AF4: 0 | AG4: 0 | AH4: 0 | AI4: 0
A5: Reversible hydration of carbon dioxide | B5: 0 | C5: 0 | D5: 0 | E5: 0 | F5: 0 | G5: 0 | H5: 0 | I5: 0 | J5: 0 | K5: 0 | L5: 0 | M5: 0 | N5: 0 | O5: 0 | P5: 0 | Q5: 0 | R5: 0 | S5: 0 | T5: 0 | U5: 0 | V5: 0 | W5: 0 | X5: 0 | Y5: 0 | Z5: 0 | AA5: 0 | AB5: 0 | AC5: 0 | AD5: 0 | AE5: 0 | AF5: 0 | AG5: 0 | AH5: 0 | AI5: 0
A6: Inositol phosphate metabolism | B6: 0 | C6: 0 | D6: 0 | E6: 0 | F6: 0 | G6: 0 | H6: 0 | I6: 0 | J6: 0 | K6: 0 | L6: 0 | M6: 0 | N6: 0 | O6: 0 | P6: 0 | Q6: 0 | R6: 0 | S6: 0 | T6: 0 | U6: 0 | V6: 0 | W6: 0 | X6: 0 | Y6: 0 | Z6: 0 | AA6: 0 | AB6: 0 | AC6: 0 | AD6: 0 | AE6: 0 | AF6: 0 | AG6: 0 | AH6: 0 | AI6: 0
A7: Metabolism of nucleotides | B7: 0 | C7: 0 | D7: 0 | E7: 0 | F7: 0 | G7: 0 | H7: 0 | I7: 0 | J7: 0 | K7: 0 | L7: 0 | M7: 0 | N7: 0 | O7: 0 | P7: 0 | Q7: 0 | R7: 0 | S7: 0 | T7: 0 | U7: 0 | V7: 0 | W7: 0 | X7: 0 | Y7: 0 | Z7: 0 | AA7: 0 | AB7: 0 | AC7: 0 | AD7: 0 | AE7: 0 | AF7: 0 | AG7: 0 | AH7: 0 | AI7: 0
A8: Integration of energy metabolism | B8: 0 | C8: 0 | D8: 0 | E8: 0 | F8: 0 | G8: 0 | H8: 1 | I8: 0 | J8: 0 | K8: 0 | L8: 0 | M8: 0 | N8: 0 | O8: 0 | P8: 0 | Q8: 0 | R8: 0 | S8: 0 | T8: 0 | U8: 0 | V8: 0 | W8: 0 | X8: 0 | Y8: 0 | Z8: 0 | AA8: 0 | AB8: 0 | AC8: 0 | AD8: 0 | AE8: 0 | AF8: 0 | AG8: 0 | AH8: 0 | AI8: 0
A9: Metabolism of porphyrins | B9: 0 | C9: 0 | D9: 0 | E9: 0 | F9: 0 | G9: 0 | H9: 0 | I9: 0 | J9: 0 | K9: 0 | L9: 0 | M9: 0 | N9: 0 | O9: 0 | P9: 0 | Q9: 0 | R9: 0 | S9: 0 | T9: 0 | U9: 0 | V9: 0 | W9: 0 | X9: 0 | Y9: 0 | Z9: 0 | AA9: 0 | AB9: 0 | AC9: 0 | AD9: 0 | AE9: 0 | AF9: 0 | AG9: 0 | AH9: 0 | AI9: 0
A10: Metabolism of vitamins and cofactors | B10: 0 | C10: 0 | D10: 0 | E10: 0 | F10: 0 | G10: 0 | H10: 0 | I10: 0 | J10: 0 | K10: 0 | L10: 0 | M10: 0 | N10: 0 | O10: 0 | P10: 0 | Q10: 0 | R10: 0 | S10: 0 | T10: 0 | U10: 0 | V10: 0 | W10: 0 | X10: 0 | Y10: 0 | Z10: 0 | AA10: 0 | AB10: 0 | AC10: 0 | AD10: 0 | AE10: 0 | AF10: 0 | AG10: 0 | AH10: 0 | AI10: 0
A11: Metabolism of nitric oxide: NOS3 activation and regulation | B11: 0 | C11: 0 | D11: 0 | E11: 0 | F11: 0 | G11: 0 | H11: 0 | I11: 0 | J11: 0 | K11: 0 | L11: 0 | M11: 0 | N11: 0 | O11: 0 | P11: 0 | Q11: 0 | R11: 0 | S11: 0 | T11: 0 | U11: 0 | V11: 0 | W11: 0 | X11: 0 | Y11: 0 | Z11: 0 | AA11: 0 | AB11: 0 | AC11: 0 | AD11: 0 | AE11: 0 | AF11: 0 | AG11: 0 | AH11: 0 | AI11: 0
A12: Biological oxidations | B12: 0 | C12: 0 | D12: 1 | E12: 0 | F12: 0 | G12: 0 | H12: 0 | I12: 0 | J12: 0 | K12: 0 | L12: 0 | M12: 0 | N12: 0 | O12: 0 | P12: 0 | Q12: 0 | R12: 0 | S12: 0 | T12: 0 | U12: 0 | V12: 0 | W12: 0 | X12: 0 | Y12: 0 | Z12: 0 | AA12: 0 | AB12: 0 | AC12: 0 | AD12: 0 | AE12: 0 | AF12: 0 | AG12: 0 | AH12: 0 | AI12: 0
A13: Cytosolic iron-sulfur cluster assembly | B13: 0 | C13: 0 | D13: 0 | E13: 0 | F13: 0 | G13: 0 | H13: 0 | I13: 0 | J13: 0 | K13: 0 | L13: 0 | M13: 0 | N13: 0 | O13: 0 | P13: 0 | Q13: 0 | R13: 0 | S13: 0 | T13: 0 | U13: 0 | V13: 0 | W13: 0 | X13: 0 | Y13: 0 | Z13: 0 | AA13: 0 | AB13: 0 | AC13: 0 | AD13: 0 | AE13: 0 | AF13: 0 | AG13: 0 | AH13: 0 | AI13: 0
A14: Metabolism of lipids | B14: 0 | C14: 0 | D14: 0 | E14: 0 | F14: 0 | G14: 0 | H14: 0 | I14: 0 | J14: 0 | K14: 0 | L14: 0 | M14: 0 | N14: 0 | O14: 1 | P14: 0 | Q14: 0 | R14: 0 | S14: 0 | T14: 0 | U14: 0 | V14: 0 | W14: 0 | X14: 0 | Y14: 0 | Z14: 0 | AA14: 0 | AB14: 0 | AC14: 0 | AD14: 0 | AE14: 0 | AF14: 0 | AG14: 0 | AH14: 0 | AI14: 0
... A329: Lewis blood group biosynthesis | B329: 0 | C329: 0 | D329: 0 | E329: 0 | F329: 0 | G329: 0 | H329: 0 | I329: 0 | J329: 0 | K329: 0 | L329: 0 | M329: 0 | N329: 0 | O329: 0 | P329: 0 | Q329: 0 | R329: 0 | S329: 0 | T329: 0 | U329: 0 | V329: 0 | W329: 0 | X329: 0 | Y329: 0 | Z329: 0 | AA329: 0 | AB329: 0 | AC329: 0 | AD329: 0 | AE329: 0 | AF329: 0 | AG329: 0 | AH329: 0 | AI329: 0

Sheet Immune System
A1: Back to main page
A2: group | B2: ALTERS CELL PROLIFERATION AND CELL DEATH | C2: MODULATES NUCLEAR RECEPTOR-MEDIATED EFFECTS | D2: INDUCES OXIDATIVE STRESS | E2: CAUSES INFLAMMATION | F2: INDUCES EPIGENETIC ALTERATIONS | G2: ALTERS SIGNAL TRANSDUCTION | H2: CAUSES MITOCHONDRIAL DYSFUNCTION | I2: IS GENOTOXIC | J2: IS METABOLICALLY ACTIVATED OR REACTIVE | K2: ALTERS CELL-CELL INTERACTIONS AND COMMUNICATION | L2: DISRUPTS CELLULAR CYTOSKELETON | M2: IS IMMUNOSUPPRESSIVE | N2: ALTERS PRODUCTION OF HORMONE | O2: DISRUPTS LIPID AND PROTEIN METABOLISM OR CAUSES DYSLIPIDEMIA | P2: DISRUPTS TRANSPORT FUNCTION | Q2: ALTERS GERM CELL DEVELOPMENT, FUNCTION, OR DEATH | R2: AFFECTS ANTIGEN PROCESSING AND PRESENTATION | S2: ALTERS DNA REPAIR OR CAUSES GENOMIC INSTABILITY | T2: ALTERS EFFECTOR FUNCTION OF SPECIFIC CELL TYPES | U2: ALTERS HEMOSTASIS | V2: ALTERS HORMONE DISTRIBUTION OR CIRCULATING HORMONE LEVELS | W2: ALTERS HORMONE METABOLISM OR CLEARANCE | X2: ALTERS IMMUNE CELL SIGNALING | Y2: ALTERS IMMUNE CELL TRAFFICKING | Z2: BREAKS DOWN IMMUNE TOLERANCE | AA2: ACTIVATES STRESS SIGNALING PATHWAYS | AB2: CAUSES CHOLESTASIS | AC2: CAUSES IMMORTALIZATION | AD2: CAUSES LIVER FIBROSIS | AE2: IMPACTS ENDOTHELIAL AND VASCULAR FUNCTION | AF2: IMPAIRS CARDIAC CONTRACTILITY AND RELAXATION | AG2: IMPAIRS REGULATION OF CARDIAC EXCITABILITY | AH2: MODIFIES AUTONOMIC NERVOUS SYSTEM ACTIVITY | AI2: MODIFIES CELLULAR DIFFERENTIATION
A3: Cytokine Signaling in Immune system | B3: 0 | C3: 0 | D3: 0 | E3: 1 | F3: 0 | G3: 0 | H3: 0 | I3: 0 | J3: 0 | K3: 0 | L3: 0 | M3: 0 | N3: 0 | O3: 0 | P3: 0 | Q3: 0 | R3: 0 | S3: 0 | T3: 0 | U3: 0 | V3: 0 | W3: 0 | X3: 1 | Y3: 0 | Z3: 0 | AA3: 0 | AB3: 0 | AC3: 0 | AD3: 0 | AE3: 0 | AF3: 0 | AG3: 0 | AH3: 0 | AI3: 0
A4: Adaptive Immune System | B4: 0 | C4: 0 | D4: 0 | E4: 1 | F4: 0 | G4: 0 | H4: 0 | I4: 0 | J4: 0 | K4: 0 | L4: 0 | M4: 0 | N4: 0 | O4: 0 | P4: 0 | Q4: 0 | R4: 0 | S4: 0 | T4: 0 | U4: 0 | V4: 0 | W4: 0 | X4: 0 | Y4: 0 | Z4: 0 | AA4: 0 | AB4: 0 | AC4: 0 | AD4: 0 | AE4: 0 | AF4: 0 | AG4: 0 | AH4: 0 | AI4: 0
A5: Innate Immune System | B5: 0 | C5: 0 | D5: 0 | E5: 1 | F5: 0 | G5: 0 | H5: 0 | I5: 0 | J5: 0 | K5: 0 | L5: 0 | M5: 0 | N5: 0 | O5: 0 | P5: 0 | Q5: 0 | R5: 0 | S5: 0 | T5: 1 | U5: 0 | V5: 0 | W5: 0 | X5: 0 | Y5: 0 | Z5: 0 | AA5: 0 | AB5: 0 | AC5: 0 | AD5: 0 | AE5: 0 | AF5: 0 | AG5: 0 | AH5: 0 | AI5: 0
A6: Prolactin receptor signaling | B6: 0 | C6: 0 | D6: 0 | E6: 1 | F6: 0 | G6: 0 | H6: 0 | I6: 0 | J6: 0 | K6: 0 | L6: 0 | M6: 0 | N6: 0 | O6: 0 | P6: 0 | Q6: 0 | R6: 0 | S6: 0 | T6: 0 | U6: 0 | V6: 0 | W6: 0 | X6: 1 | Y6: 0 | Z6: 0 | AA6: 0 | AB6: 0 | AC6: 0 | AD6: 0 | AE6: 0 | AF6: 0 | AG6: 0 | AH6: 0 | AI6: 0
A7: Signaling by Interleukins | B7: 0 | C7: 0 | D7: 0 | E7: 1 | F7: 0 | G7: 0 | H7: 0 | I7: 0 | J7: 0 | K7: 0 | L7: 0 | M7: 0 | N7: 0 | O7: 0 | P7: 0 | Q7: 0 | R7: 0 | S7: 0 | T7: 0 | U7: 0 | V7: 0 | W7: 0 | X7: 1 | Y7: 0 | Z7: 0 | AA7: 0 | AB7: 0 | AC7: 0 | AD7: 0 | AE7: 0 | AF7: 0 | AG7: 0 | AH7: 0 | AI7: 0
A8: TNFR2 non-canonical NF-kB pathway | B8: 0 | C8: 0 | D8: 0 | E8: 1 | F8: 0 | G8: 0 | H8: 0 | I8: 0 | J8: 0 | K8: 0 | L8: 0 | M8: 0 | N8: 0 | O8: 0 | P8: 0 | Q8: 0 | R8: 0 | S8: 0 | T8: 0 | U8: 0 | V8: 0 | W8: 0 | X8: 1 | Y8: 0 | Z8: 0 | AA8: 0 | AB8: 0 | AC8: 0 | AD8: 0 | AE8: 0 | AF8: 0 | AG8: 0 | AH8: 0 | AI8: 0
A9: Interferon Signaling | B9: 0 | C9: 0 | D9: 0 | E9: 1 | F9: 0 | G9: 0 | H9: 0 | I9: 0 | J9: 0 | K9: 0 | L9: 0 | M9: 0 | N9: 0 | O9: 0 | P9: 0 | Q9: 0 | R9: 0 | S9: 0 | T9: 0 | U9: 0 | V9: 0 | W9: 0 | X9: 1 | Y9: 0 | Z9: 0 | AA9: 0 | AB9: 0 | AC9: 0 | AD9: 0 | AE9: 0 | AF9: 0 | AG9: 0 | AH9: 0 | AI9: 0
A10: FLT3 Signaling | B10: 0 | C10: 0 | D10: 0 | E10: 1 | F10: 0 | G10: 0 | H10: 0 | I10: 0 | J10: 0 | K10: 0 | L10: 0 | M10: 0 | N10: 0 | O10: 0 | P10: 0 | Q10: 0 | R10: 0 | S10: 0 | T10: 0 | U10: 0 | V10: 0 | W10: 0 | X10: 1 | Y10: 0 | Z10: 0 | AA10: 0 | AB10: 0 | AC10: 0 | AD10: 0 | AE10: 0 | AF10: 0 | AG10: 0 | AH10: 0 | AI10: 0
A11: Signaling by CSF3 (G-CSF) | B11: 0 | C11: 0 | D11: 0 | E11: 1 | F11: 0 | G11: 0 | H11: 0 | I11: 0 | J11: 0 | K11: 0 | L11: 0 | M11: 0 | N11: 0 | O11: 0 | P11: 0 | Q11: 0 | R11: 0 | S11: 0 | T11: 0 | U11: 0 | V11: 0 | W11: 0 | X11: 1 | Y11: 0 | Z11: 0 | AA11: 0 | AB11: 0 | AC11: 0 | AD11: 0 | AE11: 0 | AF11: 0 | AG11: 0 | AH11: 0 | AI11: 0
A12: Signaling by CSF1 (M-CSF) in myeloid cells | B12: 0 | C12: 0 | D12: 0 | E12: 1 | F12: 0 | G12: 0 | H12: 0 | I12: 0 | J12: 0 | K12: 0 | L12: 0 | M12: 0 | N12: 0 | O12: 0 | P12: 0 | Q12: 0 | R12: 0 | S12: 0 | T12: 0 | U12: 0 | V12: 0 | W12: 0 | X12: 1 | Y12: 0 | Z12: 0 | AA12: 0 | AB12: 0 | AC12: 0 | AD12: 0 | AE12: 0 | AF12: 0 | AG12: 0 | AH12: 0 | AI12: 0
A13: Growth hormone receptor signaling | B13: 0 | C13: 0 | D13: 0 | E13: 1 | F13: 0 | G13: 0 | H13: 0 | I13: 0 | J13: 0 | K13: 0 | L13: 0 | M13: 0 | N13: 0 | O13: 0 | P13: 0 | Q13: 0 | R13: 0 | S13: 0 | T13: 0 | U13: 0 | V13: 0 | W13: 0 | X13: 1 | Y13: 0 | Z13: 0 | AA13: 0 | AB13: 0 | AC13: 0 | AD13: 0 | AE13: 0 | AF13: 0 | AG13: 0 | AH13: 0 | AI13: 0
A14: Interleukin-7 signaling | B14: 0 | C14: 0 | D14: 0 | E14: 1 | F14: 0 | G14: 0 | H14: 0 | I14: 0 | J14: 0 | K14: 0 | L14: 0 | M14: 0 | N14: 0 | O14: 0 | P14: 0 | Q14: 0 | R14: 0 | S14: 0 | T14: 0 | U14: 0 | V14: 0 | W14: 0 | X14: 1 | Y14: 0 | Z14: 0 | AA14: 0 | AB14: 0 | AC14: 0 | AD14: 0 | AE14: 0 | AF14: 0 | AG14: 0 | AH14: 0 | AI14: 0
... A197: Immune System | B197: 0 | C197: 0 | D197: 0 | E197: 1 | F197: 0 | G197: 0 | H197: 0 | I197: 0 | J197: 0 | K197: 0 | L197: 0 | M197: 0 | N197: 0 | O197: 0 | P197: 0 | Q197: 0 | R197: 0 | S197: 0 | T197: 1 | U197: 0 | V197: 0 | W197: 0 | X197: 0 | Y197: 0 | Z197: 0 | AA197: 0 | AB197: 0 | AC197: 0 | AD197: 0 | AE197: 0 | AF197: 0 | AG197: 0 | AH197: 0 | AI197: 0

Sheet Cell Cycle
A1: Back to main page
A2: group | B2: ALTERS CELL PROLIFERATION AND CELL DEATH | C2: MODULATES NUCLEAR RECEPTOR-MEDIATED EFFECTS | D2: INDUCES OXIDATIVE STRESS | E2: CAUSES INFLAMMATION | F2: INDUCES EPIGENETIC ALTERATIONS | G2: ALTERS SIGNAL TRANSDUCTION | H2: CAUSES MITOCHONDRIAL DYSFUNCTION | I2: IS GENOTOXIC | J2: IS METABOLICALLY ACTIVATED OR REACTIVE | K2: ALTERS CELL-CELL INTERACTIONS AND COMMUNICATION | L2: DISRUPTS CELLULAR CYTOSKELETON | M2: IS IMMUNOSUPPRESSIVE | N2: ALTERS PRODUCTION OF HORMONE | O2: DISRUPTS LIPID AND PROTEIN METABOLISM OR CAUSES DYSLIPIDEMIA | P2: DISRUPTS TRANSPORT FUNCTION | Q2: ALTERS GERM CELL DEVELOPMENT, FUNCTION, OR DEATH | R2: AFFECTS ANTIGEN PROCESSING AND PRESENTATION | S2: ALTERS DNA REPAIR OR CAUSES GENOMIC INSTABILITY | T2: ALTERS EFFECTOR FUNCTION OF SPECIFIC CELL TYPES | U2: ALTERS HEMOSTASIS | V2: ALTERS HORMONE DISTRIBUTION OR CIRCULATING HORMONE LEVELS | W2: ALTERS HORMONE METABOLISM OR CLEARANCE | X2: ALTERS IMMUNE CELL SIGNALING | Y2: ALTERS IMMUNE CELL TRAFFICKING | Z2: BREAKS DOWN IMMUNE TOLERANCE | AA2: ACTIVATES STRESS SIGNALING PATHWAYS | AB2: CAUSES CHOLESTASIS | AC2: CAUSES IMMORTALIZATION | AD2: CAUSES LIVER FIBROSIS | AE2: IMPACTS ENDOTHELIAL AND VASCULAR FUNCTION | AF2: IMPAIRS CARDIAC CONTRACTILITY AND RELAXATION | AG2: IMPAIRS REGULATION OF CARDIAC EXCITABILITY | AH2: MODIFIES AUTONOMIC NERVOUS SYSTEM ACTIVITY | AI2: MODIFIES CELLULAR DIFFERENTIATION
A3: Meiosis | B3: 0 | C3: 0 | D3: 0 | E3: 0 | F3: 0 | G3: 0 | H3: 0 | I3: 0 | J3: 0 | K3: 0 | L3: 0 | M3: 0 | N3: 0 | O3: 0 | P3: 0 | Q3: 1 | R3: 0 | S3: 0 | T3: 0 | U3: 0 | V3: 0 | W3: 0 | X3: 0 | Y3: 0 | Z3: 0 | AA3: 0 | AB3: 0 | AC3: 0 | AD3: 0 | AE3: 0 | AF3: 0 | AG3: 0 | AH3: 0 | AI3: 0
A4: Cell Cycle, Mitotic | B4: 1 | C4: 0 | D4: 0 | E4: 0 | F4: 0 | G4: 0 | H4: 0 | I4: 0 | J4: 0 | K4: 0 | L4: 0 | M4: 0 | N4: 0 | O4: 0 | P4: 0 | Q4: 0 | R4: 0 | S4: 0 | T4: 0 | U4: 0 | V4: 0 | W4: 0 | X4: 0 | Y4: 0 | Z4: 0 | AA4: 0 | AB4: 0 | AC4: 0 | AD4: 0 | AE4: 0 | AF4: 0 | AG4: 0 | AH4: 0 | AI4: 0
A5: Cell Cycle Checkpoints | B5: 1 | C5: 0 | D5: 0 | E5: 0 | F5: 0 | G5: 0 | H5: 0 | I5: 0 | J5: 0 | K5: 0 | L5: 0 | M5: 0 | N5: 0 | O5: 0 | P5: 0 | Q5: 0 | R5: 0 | S5: 0 | T5: 0 | U5: 0 | V5: 0 | W5: 0 | X5: 0 | Y5: 0 | Z5: 0 | AA5: 0 | AB5: 0 | AC5: 0 | AD5: 0 | AE5: 0 | AF5: 0 | AG5: 0 | AH5: 0 | AI5: 0
A6: Chromosome Maintenance | B6: 1 | C6: 0 | D6: 0 | E6: 0 | F6: 0 | G6: 0 | H6: 0 | I6: 0 | J6: 0 | K6: 0 | L6: 0 | M6: 0 | N6: 0 | O6: 0 | P6: 0 | Q6: 0 | R6: 0 | S6: 0 | T6: 0 | U6: 0 | V6: 0 | W6: 0 | X6: 0 | Y6: 0 | Z6: 0 | AA6: 0 | AB6: 0 | AC6: 0 | AD6: 0 | AE6: 0 | AF6: 0 | AG6: 0 | AH6: 0 | AI6: 0
A7: Meiotic synapsis | B7: 0 | C7: 0 | D7: 0 | E7: 0 | F7: 0 | G7: 0 | H7: 0 | I7: 0 | J7: 0 | K7: 0 | L7: 0 | M7: 0 | N7: 0 | O7: 0 | P7: 0 | Q7: 1 | R7: 0 | S7: 0 | T7: 0 | U7: 0 | V7: 0 | W7: 0 | X7: 0 | Y7: 0 | Z7: 0 | AA7: 0 | AB7: 0 | AC7: 0 | AD7: 0 | AE7: 0 | AF7: 0 | AG7: 0 | AH7: 0 | AI7: 0
A8: Meiotic recombination | B8: 0 | C8: 0 | D8: 0 | E8: 0 | F8: 0 | G8: 0 | H8: 0 | I8: 0 | J8: 0 | K8: 0 | L8: 0 | M8: 0 | N8: 0 | O8: 0 | P8: 0 | Q8: 1 | R8: 0 | S8: 0 | T8: 0 | U8: 0 | V8: 0 | W8: 0 | X8: 0 | Y8: 0 | Z8: 0 | AA8: 0 | AB8: 0 | AC8: 0 | AD8: 0 | AE8: 0 | AF8: 0 | AG8: 0 | AH8: 0 | AI8: 0
A9: Mitotic G2-G2/M phases | B9: 1 | C9: 0 | D9: 0 | E9: 0 | F9: 0 | G9: 0 | H9: 0 | I9: 0 | J9: 0 | K9: 0 | L9: 0 | M9: 0 | N9: 0 | O9: 0 | P9: 0 | Q9: 0 | R9: 0 | S9: 0 | T9: 0 | U9: 0 | V9: 0 | W9: 0 | X9: 0 | Y9: 0 | Z9: 0 | AA9: 0 | AB9: 0 | AC9: 0 | AD9: 0 | AE9: 0 | AF9: 0 | AG9: 0 | AH9: 0 | AI9: 0
A10: Regulation of mitotic cell cycle | B10: 1 | C10: 0 | D10: 0 | E10: 0 | F10: 0 | G10: 0 | H10: 0 | I10: 0 | J10: 0 | K10: 0 | L10: 0 | M10: 0 | N10: 0 | O10: 0 | P10: 0 | Q10: 0 | R10: 0 | S10: 0 | T10: 0 | U10: 0 | V10: 0 | W10: 0 | X10: 0 | Y10: 0 | Z10: 0 | AA10: 0 | AB10: 0 | AC10: 0 | AD10: 0 | AE10: 0 | AF10: 0 | AG10: 0 | AH10: 0 | AI10: 0
A11: Mitotic G1 phase and G1/S transition | B11: 1 | C11: 0 | D11: 0 | E11: 0 | F11: 0 | G11: 0 | H11: 0 | I11: 0 | J11: 0 | K11: 0 | L11: 0 | M11: 0 | N11: 0 | O11: 0 | P11: 0 | Q11: 0 | R11: 0 | S11: 0 | T11: 0 | U11: 0 | V11: 0 | W11: 0 | X11: 0 | Y11: 0 | Z11: 0 | AA11: 0 | AB11: 0 | AC11: 0 | AD11: 0 | AE11: 0 | AF11: 0 | AG11: 0 | AH11: 0 | AI11: 0
A12: M Phase | B12: 1 | C12: 0 | D12: 0 | E12: 0 | F12: 0 | G12: 0 | H12: 0 | I12: 0 | J12: 0 | K12: 0 | L12: 0 | M12: 0 | N12: 0 | O12: 0 | P12: 0 | Q12: 0 | R12: 0 | S12: 0 | T12: 0 | U12: 0 | V12: 0 | W12: 0 | X12: 0 | Y12: 0 | Z12: 0 | AA12: 0 | AB12: 0 | AC12: 0 | AD12: 0 | AE12: 0 | AF12: 0 | AG12: 0 | AH12: 0 | AI12: 0
A13: S Phase | B13: 1 | C13: 0 | D13: 0 | E13: 0 | F13: 0 | G13: 0 | H13: 0 | I13: 0 | J13: 0 | K13: 0 | L13: 0 | M13: 0 | N13: 0 | O13: 0 | P13: 0 | Q13: 0 | R13: 0 | S13: 0 | T13: 0 | U13: 0 | V13: 0 | W13: 0 | X13: 0 | Y13: 0 | Z13: 0 | AA13: 0 | AB13: 0 | AC13: 0 | AD13: 0 | AE13: 0 | AF13: 0 | AG13: 0 | AH13: 0 | AI13: 0
A14: G2 Phase | B14: 1 | C14: 0 | D14: 0 | E14: 0 | F14: 0 | G14: 0 | H14: 0 | I14: 0 | J14: 0 | K14: 0 | L14: 0 | M14: 0 | N14: 0 | O14: 0 | P14: 0 | Q14: 0 | R14: 0 | S14: 0 | T14: 0 | U14: 0 | V14: 0 | W14: 0 | X14: 0 | Y14: 0 | Z14: 0 | AA14: 0 | AB14: 0 | AC14: 0 | AD14: 0 | AE14: 0 | AF14: 0 | AG14: 0 | AH14: 0 | AI14: 0
... A128: Cell Cycle | B128: 1 | C128: 0 | D128: 0 | E128: 0 | F128: 0 | G128: 0 | H128: 0 | I128: 0 | J128: 0 | K128: 0 | L128: 0 | M128: 0 | N128: 0 | O128: 0 | P128: 0 | Q128: 0 | R128: 0 | S128: 0 | T128: 0 | U128: 0 | V128: 0 | W128: 0 | X128: 0 | Y128: 0 | Z128: 0 | AA128: 0 | AB128: 0 | AC128: 0 | AD128: 0 | AE128: 0 | AF128: 0 | AG128: 0 | AH128: 0 | AI128: 0

Sheet Gene expression (Transcription)
A1: Back to main page
A2: group | B2: ALTERS CELL PROLIFERATION AND CELL DEATH | C2: MODULATES NUCLEAR RECEPTOR-MEDIATED EFFECTS | D2: INDUCES OXIDATIVE STRESS | E2: CAUSES INFLAMMATION | F2: INDUCES EPIGENETIC ALTERATIONS | G2: ALTERS SIGNAL TRANSDUCTION | H2: CAUSES MITOCHONDRIAL DYSFUNCTION | I2: IS GENOTOXIC | J2: IS METABOLICALLY ACTIVATED OR REACTIVE | K2: ALTERS CELL-CELL INTERACTIONS AND COMMUNICATION | L2: DISRUPTS CELLULAR CYTOSKELETON | M2: IS IMMUNOSUPPRESSIVE | N2: ALTERS PRODUCTION OF HORMONE | O2: DISRUPTS LIPID AND PROTEIN METABOLISM OR CAUSES DYSLIPIDEMIA | P2: DISRUPTS TRANSPORT FUNCTION | Q2: ALTERS GERM CELL DEVELOPMENT, FUNCTION, OR DEATH | R2: AFFECTS ANTIGEN PROCESSING AND PRESENTATION | S2: ALTERS DNA REPAIR OR CAUSES GENOMIC INSTABILITY | T2: ALTERS EFFECTOR FUNCTION OF SPECIFIC CELL TYPES | U2: ALTERS HEMOSTASIS | V2: ALTERS HORMONE DISTRIBUTION OR CIRCULATING HORMONE LEVELS | W2: ALTERS HORMONE METABOLISM OR CLEARANCE | X2: ALTERS IMMUNE CELL SIGNALING | Y2: ALTERS IMMUNE CELL TRAFFICKING | Z2: BREAKS DOWN IMMUNE TOLERANCE | AA2: ACTIVATES STRESS SIGNALING PATHWAYS | AB2: CAUSES CHOLESTASIS | AC2: CAUSES IMMORTALIZATION | AD2: CAUSES LIVER FIBROSIS | AE2: IMPACTS ENDOTHELIAL AND VASCULAR FUNCTION | AF2: IMPAIRS CARDIAC CONTRACTILITY AND RELAXATION | AG2: IMPAIRS REGULATION OF CARDIAC EXCITABILITY | AH2: MODIFIES AUTONOMIC NERVOUS SYSTEM ACTIVITY | AI2: MODIFIES CELLULAR DIFFERENTIATION
A3: Gene Silencing by RNA | B3: 0 | C3: 0 | D3: 0 | E3: 0 | F3: 0 | G3: 0 | H3: 0 | I3: 0 | J3: 0 | K3: 0 | L3: 0 | M3: 0 | N3: 0 | O3: 0 | P3: 0 | Q3: 0 | R3: 0 | S3: 0 | T3: 0 | U3: 0 | V3: 0 | W3: 0 | X3: 0 | Y3: 0 | Z3: 0 | AA3: 0 | AB3: 0 | AC3: 0 | AD3: 0 | AE3: 0 | AF3: 0 | AG3: 0 | AH3: 0 | AI3: 0
A4: Epigenetic regulation of gene expression | B4: 0 | C4: 0 | D4: 0 | E4: 0 | F4: 1 | G4: 0 | H4: 0 | I4: 0 | J4: 0 | K4: 0 | L4: 0 | M4: 0 | N4: 0 | O4: 0 | P4: 0 | Q4: 0 | R4: 0 | S4: 0 | T4: 0 | U4: 0 | V4: 0 | W4: 0 | X4: 0 | Y4: 0 | Z4: 0 | AA4: 0 | AB4: 0 | AC4: 0 | AD4: 0 | AE4: 0 | AF4: 0 | AG4: 0 | AH4: 0 | AI4: 0
A5: RNA Polymerase II Transcription | B5: 0 | C5: 0 | D5: 0 | E5: 0 | F5: 0 | G5: 0 | H5: 0 | I5: 0 | J5: 0 | K5: 0 | L5: 0 | M5: 0 | N5: 0 | O5: 0 | P5: 0 | Q5: 0 | R5: 0 | S5: 0 | T5: 0 | U5: 0 | V5: 0 | W5: 0 | X5: 0 | Y5: 0 | Z5: 0 | AA5: 0 | AB5: 0 | AC5: 0 | AD5: 0 | AE5: 0 | AF5: 0 | AG5: 0 | AH5: 0 | AI5: 0
A6: RNA Polymerase I Transcription | B6: 0 | C6: 0 | D6: 0 | E6: 0 | F6: 0 | G6: 0 | H6: 0 | I6: 0 | J6: 0 | K6: 0 | L6: 0 | M6: 0 | N6: 0 | O6: 0 | P6: 0 | Q6: 0 | R6: 0 | S6: 0 | T6: 0 | U6: 0 | V6: 0 | W6: 0 | X6: 0 | Y6: 0 | Z6: 0 | AA6: 0 | AB6: 0 | AC6: 0 | AD6: 0 | AE6: 0 | AF6: 0 | AG6: 0 | AH6: 0 | AI6: 0
A7: RNA Polymerase III Transcription | B7: 0 | C7: 0 | D7: 0 | E7: 0 | F7: 0 | G7: 0 | H7: 0 | I7: 0 | J7: 0 | K7: 0 | L7: 0 | M7: 0 | N7: 0 | O7: 0 | P7: 0 | Q7: 0 | R7: 0 | S7: 0 | T7: 0 | U7: 0 | V7: 0 | W7: 0 | X7: 0 | Y7: 0 | Z7: 0 | AA7: 0 | AB7: 0 | AC7: 0 | AD7: 0 | AE7: 0 | AF7: 0 | AG7: 0 | AH7: 0 | AI7: 0
A8: Transcription from mitochondrial promoters | B8: 0 | C8: 0 | D8: 0 | E8: 0 | F8: 0 | G8: 0 | H8: 1 | I8: 0 | J8: 0 | K8: 0 | L8: 0 | M8: 0 | N8: 0 | O8: 0 | P8: 0 | Q8: 0 | R8: 0 | S8: 0 | T8: 0 | U8: 0 | V8: 0 | W8: 0 | X8: 0 | Y8: 0 | Z8: 0 | AA8: 0 | AB8: 0 | AC8: 0 | AD8: 0 | AE8: 0 | AF8: 0 | AG8: 0 | AH8: 0 | AI8: 0
A9: MicroRNA (miRNA) biogenesis | B9: 0 | C9: 0 | D9: 0 | E9: 0 | F9: 0 | G9: 0 | H9: 0 | I9: 0 | J9: 0 | K9: 0 | L9: 0 | M9: 0 | N9: 0 | O9: 0 | P9: 0 | Q9: 0 | R9: 0 | S9: 0 | T9: 0 | U9: 0 | V9: 0 | W9: 0 | X9: 0 | Y9: 0 | Z9: 0 | AA9: 0 | AB9: 0 | AC9: 0 | AD9: 0 | AE9: 0 | AF9: 0 | AG9: 0 | AH9: 0 | AI9: 0
A10: Small interfering RNA (siRNA) biogenesis | B10: 0 | C10: 0 | D10: 0 | E10: 0 | F10: 0 | G10: 0 | H10: 0 | I10: 0 | J10: 0 | K10: 0 | L10: 0 | M10: 0 | N10: 0 | O10: 0 | P10: 0 | Q10: 0 | R10: 0 | S10: 0 | T10: 0 | U10: 0 | V10: 0 | W10: 0 | X10: 0 | Y10: 0 | Z10: 0 | AA10: 0 | AB10: 0 | AC10: 0 | AD10: 0 | AE10: 0 | AF10: 0 | AG10: 0 | AH10: 0 | AI10: 0
A11: Post-transcriptional silencing by small RNAs | B11: 0 | C11: 0 | D11: 0 | E11: 0 | F11: 0 | G11: 0 | H11: 0 | I11: 0 | J11: 0 | K11: 0 | L11: 0 | M11: 0 | N11: 0 | O11: 0 | P11: 0 | Q11: 0 | R11: 0 | S11: 0 | T11: 0 | U11: 0 | V11: 0 | W11: 0 | X11: 0 | Y11: 0 | Z11: 0 | AA11: 0 | AB11: 0 | AC11: 0 | AD11: 0 | AE11: 0 | AF11: 0 | AG11: 0 | AH11: 0 | AI11: 0
A12: Transcriptional regulation by small RNAs | B12: 0 | C12: 0 | D12: 0 | E12: 0 | F12: 0 | G12: 0 | H12: 0 | I12: 0 | J12: 0 | K12: 0 | L12: 0 | M12: 0 | N12: 0 | O12: 0 | P12: 0 | Q12: 0 | R12: 0 | S12: 0 | T12: 0 | U12: 0 | V12: 0 | W12: 0 | X12: 0 | Y12: 0 | Z12: 0 | AA12: 0 | AB12: 0 | AC12: 0 | AD12: 0 | AE12: 0 | AF12: 0 | AG12: 0 | AH12: 0 | AI12: 0
A13: PIWI-interacting RNA (piRNA) biogenesis | B13: 0 | C13: 0 | D13: 0 | E13: 0 | F13: 0 | G13: 0 | H13: 0 | I13: 0 | J13: 0 | K13: 0 | L13: 0 | M13: 0 | N13: 0 | O13: 0 | P13: 0 | Q13: 0 | R13: 0 | S13: 0 | T13: 0 | U13: 0 | V13: 0 | W13: 0 | X13: 0 | Y13: 0 | Z13: 0 | AA13: 0 | AB13: 0 | AC13: 0 | AD13: 0 | AE13: 0 | AF13: 0 | AG13: 0 | AH13: 0 | AI13: 0
A14: tRNA-derived small RNA (tsRNA or tRNA-related fragment, tRF) biogenesis | B14: 0 | C14: 0 | D14: 0 | E14: 0 | F14: 0 | G14: 0 | H14: 0 | I14: 0 | J14: 0 | K14: 0 | L14: 0 | M14: 0 | N14: 0 | O14: 0 | P14: 0 | Q14: 0 | R14: 0 | S14: 0 | T14: 0 | U14: 0 | V14: 0 | W14: 0 | X14: 0 | Y14: 0 | Z14: 0 | AA14: 0 | AB14: 0 | AC14: 0 | AD14: 0 | AE14: 0 | AF14: 0 | AG14: 0 | AH14: 0 | AI14: 0
... A133: Mitochondrial transcription termination | B133: 0 | C133: 0 | D133: 0 | E133: 0 | F133: 0 | G133: 0 | H133: 1 | I133: 0 | J133: 0 | K133: 0 | L133: 0 | M133: 0 | N133: 0 | O133: 0 | P133: 0 | Q133: 0 | R133: 0 | S133: 0 | T133: 0 | U133: 0 | V133: 0 | W133: 0 | X133: 0 | Y133: 0 | Z133: 0 | AA133: 0 | AB133: 0 | AC133: 0 | AD133: 0 | AE133: 0 | AF133: 0 | AG133: 0 | AH133: 0 | AI133: 0

Sheet Metabolism of proteins
A1: Back to main page
A2: group | B2: ALTERS CELL PROLIFERATION AND CELL DEATH | C2: MODULATES NUCLEAR RECEPTOR-MEDIATED EFFECTS | D2: INDUCES OXIDATIVE STRESS | E2: CAUSES INFLAMMATION | F2: INDUCES EPIGENETIC ALTERATIONS | G2: ALTERS SIGNAL TRANSDUCTION | H2: CAUSES MITOCHONDRIAL DYSFUNCTION | I2: IS GENOTOXIC | J2: IS METABOLICALLY ACTIVATED OR REACTIVE | K2: ALTERS CELL-CELL INTERACTIONS AND COMMUNICATION | L2: DISRUPTS CELLULAR CYTOSKELETON | M2: IS IMMUNOSUPPRESSIVE | N2: ALTERS PRODUCTION OF HORMONE | O2: DISRUPTS LIPID AND PROTEIN METABOLISM OR CAUSES DYSLIPIDEMIA | P2: DISRUPTS TRANSPORT FUNCTION | Q2: ALTERS GERM CELL DEVELOPMENT, FUNCTION, OR DEATH | R2: AFFECTS ANTIGEN PROCESSING AND PRESENTATION | S2: ALTERS DNA REPAIR OR CAUSES GENOMIC INSTABILITY | T2: ALTERS EFFECTOR FUNCTION OF SPECIFIC CELL TYPES | U2: ALTERS HEMOSTASIS | V2: ALTERS HORMONE DISTRIBUTION OR CIRCULATING HORMONE LEVELS | W2: ALTERS HORMONE METABOLISM OR CLEARANCE | X2: ALTERS IMMUNE CELL SIGNALING | Y2: ALTERS IMMUNE CELL TRAFFICKING | Z2: BREAKS DOWN IMMUNE TOLERANCE | AA2: ACTIVATES STRESS SIGNALING PATHWAYS | AB2: CAUSES CHOLESTASIS | AC2: CAUSES IMMORTALIZATION | AD2: CAUSES LIVER FIBROSIS | AE2: IMPACTS ENDOTHELIAL AND VASCULAR FUNCTION | AF2: IMPAIRS CARDIAC CONTRACTILITY AND RELAXATION | AG2: IMPAIRS REGULATION OF CARDIAC EXCITABILITY | AH2: MODIFIES AUTONOMIC NERVOUS SYSTEM ACTIVITY | AI2: MODIFIES CELLULAR DIFFERENTIATION
A3: Peptide hormone metabolism | B3: 0 | C3: 0 | D3: 0 | E3: 0 | F3: 0 | G3: 0 | H3: 0 | I3: 0 | J3: 0 | K3: 0 | L3: 0 | M3: 0 | N3: 0 | O3: 1 | P3: 0 | Q3: 0 | R3: 0 | S3: 0 | T3: 0 | U3: 0 | V3: 1 | W3: 1 | X3: 0 | Y3: 0 | Z3: 0 | AA3: 0 | AB3: 0 | AC3: 0 | AD3: 0 | AE3: 0 | AF3: 0 | AG3: 0 | AH3: 0 | AI3: 0
A4: Regulation of Insulin-like Growth Factor (IGF) transport and uptake by Insulin-like Growth Factor Binding Proteins (IGFBPs) | B4: 0 | C4: 0 | D4: 0 | E4: 0 | F4: 0 | G4: 0 | H4: 0 | I4: 0 | J4: 0 | K4: 0 | L4: 0 | M4: 0 | N4: 0 | O4: 1 | P4: 0 | Q4: 0 | R4: 0 | S4: 0 | T4: 0 | U4: 0 | V4: 0 | W4: 0 | X4: 0 | Y4: 0 | Z4: 0 | AA4: 0 | AB4: 0 | AC4: 0 | AD4: 0 | AE4: 0 | AF4: 0 | AG4: 0 | AH4: 0 | AI4: 0
A5: Protein folding | B5: 0 | C5: 0 | D5: 0 | E5: 0 | F5: 0 | G5: 0 | H5: 0 | I5: 0 | J5: 0 | K5: 0 | L5: 0 | M5: 0 | N5: 0 | O5: 1 | P5: 0 | Q5: 0 | R5: 0 | S5: 0 | T5: 0 | U5: 0 | V5: 0 | W5: 0 | X5: 0 | Y5: 0 | Z5: 0 | AA5: 0 | AB5: 0 | AC5: 0 | AD5: 0 | AE5: 0 | AF5: 0 | AG5: 0 | AH5: 0 | AI5: 0
A6: Protein repair | B6: 0 | C6: 0 | D6: 1 | E6: 0 | F6: 0 | G6: 0 | H6: 0 | I6: 0 | J6: 0 | K6: 0 | L6: 0 | M6: 0 | N6: 0 | O6: 1 | P6: 0 | Q6: 0 | R6: 0 | S6: 0 | T6: 0 | U6: 0 | V6: 0 | W6: 0 | X6: 0 | Y6: 0 | Z6: 0 | AA6: 0 | AB6: 0 | AC6: 0 | AD6: 0 | AE6: 0 | AF6: 0 | AG6: 0 | AH6: 0 | AI6: 0
A7: Surfactant metabolism | B7: 0 | C7: 0 | D7: 0 | E7: 0 | F7: 0 | G7: 0 | H7: 0 | I7: 0 | J7: 0 | K7: 0 | L7: 0 | M7: 0 | N7: 0 | O7: 1 | P7: 0 | Q7: 0 | R7: 0 | S7: 0 | T7: 0 | U7: 0 | V7: 0 | W7: 0 | X7: 0 | Y7: 0 | Z7: 0 | AA7: 0 | AB7: 0 | AC7: 0 | AD7: 0 | AE7: 0 | AF7: 0 | AG7: 0 | AH7: 0 | AI7: 0
A8: Post-translational protein modification | B8: 0 | C8: 0 | D8: 0 | E8: 0 | F8: 0 | G8: 0 | H8: 0 | I8: 0 | J8: 0 | K8: 0 | L8: 0 | M8: 0 | N8: 0 | O8: 1 | P8: 0 | Q8: 0 | R8: 0 | S8: 0 | T8: 0 | U8: 0 | V8: 0 | W8: 0 | X8: 0 | Y8: 0 | Z8: 0 | AA8: 0 | AB8: 0 | AC8: 0 | AD8: 0 | AE8: 0 | AF8: 0 | AG8: 0 | AH8: 0 | AI8: 0
A9: Translation | B9: 0 | C9: 0 | D9: 0 | E9: 0 | F9: 0 | G9: 0 | H9: 0 | I9: 0 | J9: 0 | K9: 0 | L9: 0 | M9: 0 | N9: 0 | O9: 1 | P9: 0 | Q9: 0 | R9: 0 | S9: 0 | T9: 0 | U9: 0 | V9: 0 | W9: 0 | X9: 0 | Y9: 0 | Z9: 0 | AA9: 0 | AB9: 0 | AC9: 0 | AD9: 0 | AE9: 0 | AF9: 0 | AG9: 0 | AH9: 0 | AI9: 0
A10: Amyloid fiber formation | B10: 0 | C10: 0 | D10: 0 | E10: 0 | F10: 0 | G10: 0 | H10: 0 | I10: 0 | J10: 0 | K10: 0 | L10: 0 | M10: 0 | N10: 0 | O10: 1 | P10: 0 | Q10: 0 | R10: 0 | S10: 0 | T10: 0 | U10: 0 | V10: 0 | W10: 0 | X10: 0 | Y10: 0 | Z10: 0 | AA10: 0 | AB10: 0 | AC10: 0 | AD10: 0 | AE10: 0 | AF10: 0 | AG10: 0 | AH10: 0 | AI10: 0
A11: Metabolism of Angiotensinogen to Angiotensins | B11: 0 | C11: 0 | D11: 0 | E11: 0 | F11: 0 | G11: 0 | H11: 0 | I11: 0 | J11: 0 | K11: 0 | L11: 0 | M11: 0 | N11: 0 | O11: 1 | P11: 0 | Q11: 0 | R11: 0 | S11: 0 | T11: 0 | U11: 0 | V11: 0 | W11: 0 | X11: 0 | Y11: 0 | Z11: 0 | AA11: 0 | AB11: 0 | AC11: 0 | AD11: 0 | AE11: 1 | AF11: 0 | AG11: 0 | AH11: 0 | AI11: 0
A12: Peptide hormone biosynthesis | B12: 0 | C12: 0 | D12: 0 | E12: 0 | F12: 0 | G12: 0 | H12: 0 | I12: 0 | J12: 0 | K12: 0 | L12: 0 | M12: 0 | N12: 1 | O12: 1 | P12: 0 | Q12: 0 | R12: 0 | S12: 0 | T12: 0 | U12: 0 | V12: 1 | W12: 1 | X12: 0 | Y12: 0 | Z12: 0 | AA12: 0 | AB12: 0 | AC12: 0 | AD12: 0 | AE12: 0 | AF12: 0 | AG12: 0 | AH12: 0 | AI12: 0
A13: Insulin processing | B13: 0 | C13: 0 | D13: 0 | E13: 0 | F13: 0 | G13: 0 | H13: 0 | I13: 0 | J13: 0 | K13: 0 | L13: 0 | M13: 0 | N13: 1 | O13: 1 | P13: 0 | Q13: 0 | R13: 0 | S13: 0 | T13: 0 | U13: 0 | V13: 1 | W13: 1 | X13: 0 | Y13: 0 | Z13: 0 | AA13: 0 | AB13: 0 | AC13: 0 | AD13: 0 | AE13: 0 | AF13: 0 | AG13: 0 | AH13: 0 | AI13: 0
A14: Incretin synthesis, secretion, and inactivation | B14: 0 | C14: 0 | D14: 0 | E14: 0 | F14: 0 | G14: 0 | H14: 0 | I14: 0 | J14: 0 | K14: 0 | L14: 0 | M14: 0 | N14: 1 | O14: 1 | P14: 0 | Q14: 0 | R14: 0 | S14: 0 | T14: 0 | U14: 0 | V14: 1 | W14: 1 | X14: 0 | Y14: 0 | Z14: 0 | AA14: 0 | AB14: 0 | AC14: 0 | AD14: 0 | AE14: 0 | AF14: 0 | AG14: 0 | AH14: 0 | AI14: 0
... A120: Metabolism of proteins | B120: 0 | C120: 0 | D120: 0 | E120: 0 | F120: 0 | G120: 0 | H120: 0 | I120: 0 | J120: 0 | K120: 0 | L120: 0 | M120: 0 | N120: 0 | O120: 1 | P120: 0 | Q120: 0 | R120: 0 | S120: 0 | T120: 0 | U120: 0 | V120: 0 | W120: 0 | X120: 0 | Y120: 0 | Z120: 0 | AA120: 0 | AB120: 0 | AC120: 0 | AD120: 0 | AE120: 0 | AF120: 0 | AG120: 0 | AH120: 0 | AI120: 0

Sheet Neuronal System
A1: Back to main page
A2: group | B2: ALTERS CELL PROLIFERATION AND CELL DEATH | C2: MODULATES NUCLEAR RECEPTOR-MEDIATED EFFECTS | D2: INDUCES OXIDATIVE STRESS | E2: CAUSES INFLAMMATION | F2: INDUCES EPIGENETIC ALTERATIONS | G2: ALTERS SIGNAL TRANSDUCTION | H2: CAUSES MITOCHONDRIAL DYSFUNCTION | I2: IS GENOTOXIC | J2: IS METABOLICALLY ACTIVATED OR REACTIVE | K2: ALTERS CELL-CELL INTERACTIONS AND COMMUNICATION | L2: DISRUPTS CELLULAR CYTOSKELETON | M2: IS IMMUNOSUPPRESSIVE | N2: ALTERS PRODUCTION OF HORMONE | O2: DISRUPTS LIPID AND PROTEIN METABOLISM OR CAUSES DYSLIPIDEMIA | P2: DISRUPTS TRANSPORT FUNCTION | Q2: ALTERS GERM CELL DEVELOPMENT, FUNCTION, OR DEATH | R2: AFFECTS ANTIGEN PROCESSING AND PRESENTATION | S2: ALTERS DNA REPAIR OR CAUSES GENOMIC INSTABILITY | T2: ALTERS EFFECTOR FUNCTION OF SPECIFIC CELL TYPES | U2: ALTERS HEMOSTASIS | V2: ALTERS HORMONE DISTRIBUTION OR CIRCULATING HORMONE LEVELS | W2: ALTERS HORMONE METABOLISM OR CLEARANCE | X2: ALTERS IMMUNE CELL SIGNALING | Y2: ALTERS IMMUNE CELL TRAFFICKING | Z2: BREAKS DOWN IMMUNE TOLERANCE | AA2: ACTIVATES STRESS SIGNALING PATHWAYS | AB2: CAUSES CHOLESTASIS | AC2: CAUSES IMMORTALIZATION | AD2: CAUSES LIVER FIBROSIS | AE2: IMPACTS ENDOTHELIAL AND VASCULAR FUNCTION | AF2: IMPAIRS CARDIAC CONTRACTILITY AND RELAXATION | AG2: IMPAIRS REGULATION OF CARDIAC EXCITABILITY | AH2: MODIFIES AUTONOMIC NERVOUS SYSTEM ACTIVITY | AI2: MODIFIES CELLULAR DIFFERENTIATION
A3: Transmission across Electrical Synapses | B3: 0 | C3: 0 | D3: 0 | E3: 0 | F3: 0 | G3: 0 | H3: 0 | I3: 0 | J3: 0 | K3: 0 | L3: 0 | M3: 0 | N3: 0 | O3: 0 | P3: 0 | Q3: 0 | R3: 0 | S3: 0 | T3: 0 | U3: 0 | V3: 0 | W3: 0 | X3: 0 | Y3: 0 | Z3: 0 | AA3: 0 | AB3: 0 | AC3: 0 | AD3: 0 | AE3: 0 | AF3: 0 | AG3: 0 | AH3: 0 | AI3: 0
A4: Transmission across Chemical Synapses | B4: 0 | C4: 0 | D4: 0 | E4: 0 | F4: 0 | G4: 0 | H4: 0 | I4: 0 | J4: 0 | K4: 0 | L4: 0 | M4: 0 | N4: 0 | O4: 0 | P4: 0 | Q4: 0 | R4: 0 | S4: 0 | T4: 0 | U4: 0 | V4: 0 | W4: 0 | X4: 0 | Y4: 0 | Z4: 0 | AA4: 0 | AB4: 0 | AC4: 0 | AD4: 0 | AE4: 0 | AF4: 0 | AG4: 0 | AH4: 0 | AI4: 0
A5: Potassium Channels | B5: 0 | C5: 0 | D5: 0 | E5: 0 | F5: 0 | G5: 0 | H5: 0 | I5: 0 | J5: 0 | K5: 0 | L5: 0 | M5: 0 | N5: 0 | O5: 0 | P5: 0 | Q5: 0 | R5: 0 | S5: 0 | T5: 0 | U5: 0 | V5: 0 | W5: 0 | X5: 0 | Y5: 0 | Z5: 0 | AA5: 0 | AB5: 0 | AC5: 0 | AD5: 0 | AE5: 0 | AF5: 0 | AG5: 0 | AH5: 0 | AI5: 0
A6: Protein-protein interactions at synapses | B6: 0 | C6: 0 | D6: 0 | E6: 0 | F6: 0 | G6: 0 | H6: 0 | I6: 0 | J6: 0 | K6: 0 | L6: 0 | M6: 0 | N6: 0 | O6: 0 | P6: 0 | Q6: 0 | R6: 0 | S6: 0 | T6: 0 | U6: 0 | V6: 0 | W6: 0 | X6: 0 | Y6: 0 | Z6: 0 | AA6: 0 | AB6: 0 | AC6: 0 | AD6: 0 | AE6: 0 | AF6: 0 | AG6: 0 | AH6: 0 | AI6: 0
A7: Electric Transmission Across Gap Junctions | B7: 0 | C7: 0 | D7: 0 | E7: 0 | F7: 0 | G7: 0 | H7: 0 | I7: 0 | J7: 0 | K7: 0 | L7: 0 | M7: 0 | N7: 0 | O7: 0 | P7: 0 | Q7: 0 | R7: 0 | S7: 0 | T7: 0 | U7: 0 | V7: 0 | W7: 0 | X7: 0 | Y7: 0 | Z7: 0 | AA7: 0 | AB7: 0 | AC7: 0 | AD7: 0 | AE7: 0 | AF7: 0 | AG7: 0 | AH7: 0 | AI7: 0
A8: Presynaptic depolarization and calcium channel opening | B8: 0 | C8: 0 | D8: 0 | E8: 0 | F8: 0 | G8: 0 | H8: 0 | I8: 0 | J8: 0 | K8: 0 | L8: 0 | M8: 0 | N8: 0 | O8: 0 | P8: 0 | Q8: 0 | R8: 0 | S8: 0 | T8: 0 | U8: 0 | V8: 0 | W8: 0 | X8: 0 | Y8: 0 | Z8: 0 | AA8: 0 | AB8: 0 | AC8: 0 | AD8: 0 | AE8: 0 | AF8: 0 | AG8: 1 | AH8: 0 | AI8: 0
A9: Neurotransmitter release cycle | B9: 0 | C9: 0 | D9: 0 | E9: 0 | F9: 0 | G9: 0 | H9: 0 | I9: 0 | J9: 0 | K9: 0 | L9: 0 | M9: 0 | N9: 0 | O9: 0 | P9: 0 | Q9: 0 | R9: 0 | S9: 0 | T9: 0 | U9: 0 | V9: 0 | W9: 0 | X9: 0 | Y9: 0 | Z9: 0 | AA9: 0 | AB9: 0 | AC9: 0 | AD9: 0 | AE9: 0 | AF9: 0 | AG9: 0 | AH9: 1 | AI9: 0
A10: Neurotransmitter clearance | B10: 0 | C10: 0 | D10: 0 | E10: 0 | F10: 0 | G10: 0 | H10: 0 | I10: 0 | J10: 0 | K10: 0 | L10: 0 | M10: 0 | N10: 0 | O10: 0 | P10: 0 | Q10: 0 | R10: 0 | S10: 0 | T10: 0 | U10: 0 | V10: 0 | W10: 0 | X10: 0 | Y10: 0 | Z10: 0 | AA10: 0 | AB10: 0 | AC10: 0 | AD10: 0 | AE10: 0 | AF10: 0 | AG10: 0 | AH10: 1 | AI10: 0
A11: Neurotransmitter uptake and metabolism In glial cells | B11: 0 | C11: 0 | D11: 0 | E11: 0 | F11: 0 | G11: 0 | H11: 0 | I11: 0 | J11: 0 | K11: 0 | L11: 0 | M11: 0 | N11: 0 | O11: 0 | P11: 0 | Q11: 0 | R11: 0 | S11: 0 | T11: 0 | U11: 0 | V11: 0 | W11: 0 | X11: 0 | Y11: 0 | Z11: 0 | AA11: 0 | AB11: 0 | AC11: 0 | AD11: 0 | AE11: 0 | AF11: 0 | AG11: 0 | AH11: 1 | AI11: 0
A12: Neurotransmitter receptors and postsynaptic signal transmission | B12: 0 | C12: 0 | D12: 0 | E12: 0 | F12: 0 | G12: 0 | H12: 0 | I12: 0 | J12: 0 | K12: 0 | L12: 0 | M12: 0 | N12: 0 | O12: 0 | P12: 0 | Q12: 0 | R12: 0 | S12: 0 | T12: 0 | U12: 0 | V12: 0 | W12: 0 | X12: 0 | Y12: 0 | Z12: 0 | AA12: 0 | AB12: 0 | AC12: 0 | AD12: 0 | AE12: 0 | AF12: 0 | AG12: 0 | AH12: 1 | AI12: 0
A13: Serotonin Neurotransmitter Release Cycle | B13: 0 | C13: 0 | D13: 0 | E13: 0 | F13: 0 | G13: 0 | H13: 0 | I13: 0 | J13: 0 | K13: 0 | L13: 0 | M13: 0 | N13: 0 | O13: 0 | P13: 0 | Q13: 0 | R13: 0 | S13: 0 | T13: 0 | U13: 0 | V13: 0 | W13: 0 | X13: 0 | Y13: 0 | Z13: 0 | AA13: 0 | AB13: 0 | AC13: 0 | AD13: 0 | AE13: 0 | AF13: 0 | AG13: 0 | AH13: 1 | AI13: 0
A14: Norepinephrine Neurotransmitter Release Cycle | B14: 0 | C14: 0 | D14: 0 | E14: 0 | F14: 0 | G14: 0 | H14: 0 | I14: 0 | J14: 0 | K14: 0 | L14: 0 | M14: 0 | N14: 0 | O14: 0 | P14: 0 | Q14: 0 | R14: 0 | S14: 0 | T14: 0 | U14: 0 | V14: 0 | W14: 0 | X14: 0 | Y14: 0 | Z14: 0 | AA14: 0 | AB14: 0 | AC14: 0 | AD14: 0 | AE14: 0 | AF14: 0 | AG14: 0 | AH14: 1 | AI14: 0
... A64: Voltage gated Potassium channels | B64: 0 | C64: 0 | D64: 0 | E64: 0 | F64: 0 | G64: 0 | H64: 0 | I64: 0 | J64: 0 | K64: 0 | L64: 0 | M64: 0 | N64: 0 | O64: 0 | P64: 0 | Q64: 0 | R64: 0 | S64: 0 | T64: 0 | U64: 0 | V64: 0 | W64: 0 | X64: 0 | Y64: 0 | Z64: 0 | AA64: 0 | AB64: 0 | AC64: 0 | AD64: 0 | AE64: 0 | AF64: 0 | AG64: 1 | AH64: 0 | AI64: 0
A65: Tandem pore domain potassium channels | B65: 0 | C65: 0 | D65: 0 | E65: 0 | F65: 0 | G65: 0 | H65: 0 | I65: 0 | J65: 0 | K65: 0 | L65: 0 | M65: 0 | N65: 0 | O65: 0 | P65: 0 | Q65: 0 | R65: 0 | S65: 0 | T65: 0 | U65: 0 | V65: 0 | W65: 0 | X65: 0 | Y65: 0 | Z65: 0 | AA65: 0 | AB65: 0 | AC65: 0 | AD65: 0 | AE65: 0 | AF65: 0 | AH65: 0 | AI65: 0
A66: ATP sensitive Potassium channels | B66: 0 | C66: 0 | D66: 0 | E66: 0 | F66: 0 | G66: 0 | H66: 0 | I66: 0 | J66: 0 | K66: 0 | L66: 0 | M66: 0 | N66: 0 | O66: 0 | P66: 0 | Q66: 0 | R66: 0 | S66: 0 | T66: 0 | U66: 0 | V66: 0 | W66: 0 | X66: 0 | Y66: 0 | Z66: 0 | AA66: 0 | AB66: 0 | AC66: 0 | AD66: 0 | AE66: 0 | AF66: 0 | AG66: 0 | AH66: 0 | AI66: 0
A67: Classical Kir channels | B67: 0 | C67: 0 | D67: 0 | E67: 0 | F67: 0 | G67: 0 | H67: 0 | I67: 0 | J67: 0 | K67: 0 | L67: 0 | M67: 0 | N67: 0 | O67: 0 | P67: 0 | Q67: 0 | R67: 0 | S67: 0 | T67: 0 | U67: 0 | V67: 0 | W67: 0 | X67: 0 | Y67: 0 | Z67: 0 | AA67: 0 | AB67: 0 | AC67: 0 | AD67: 0 | AE67: 0 | AF67: 0 | AG67: 0 | AH67: 0 | AI67: 0
A68: G protein gated Potassium channels | B68: 0 | C68: 0 | D68: 0 | E68: 0 | F68: 0 | G68: 0 | H68: 0 | I68: 0 | J68: 0 | K68: 0 | L68: 0 | M68: 0 | N68: 0 | O68: 0 | P68: 0 | Q68: 0 | R68: 0 | S68: 0 | T68: 0 | U68: 0 | V68: 0 | W68: 0 | X68: 0 | Y68: 0 | Z68: 0 | AA68: 0 | AB68: 0 | AC68: 0 | AD68: 0 | AE68: 0 | AF68: 0 | AG68: 0 | AH68: 0 | AI68: 0
A69: Potassium transport channels | B69: 0 | C69: 0 | D69: 0 | E69: 0 | F69: 0 | G69: 0 | H69: 0 | I69: 0 | J69: 0 | K69: 0 | L69: 0 | M69: 0 | N69: 0 | O69: 0 | P69: 0 | Q69: 0 | R69: 0 | S69: 0 | T69: 0 | U69: 0 | V69: 0 | W69: 0 | X69: 0 | Y69: 0 | Z69: 0 | AA69: 0 | AB69: 0 | AC69: 0 | AD69: 0 | AE69: 0 | AF69: 0 | AG69: 1 | AH69: 0 | AI69: 0
A70: Activation of G protein gated Potassium channels | B70: 0 | C70: 0 | D70: 0 | E70: 0 | F70: 0 | G70: 0 | H70: 0 | I70: 0 | J70: 0 | K70: 0 | L70: 0 | M70: 0 | N70: 0 | O70: 0 | P70: 0 | Q70: 0 | R70: 0 | S70: 0 | T70: 0 | U70: 0 | V70: 0 | W70: 0 | X70: 0 | Y70: 0 | Z70: 0 | AA70: 0 | AB70: 0 | AC70: 0 | AD70: 0 | AE70: 0 | AF70: 0 | AG70: 0 | AH70: 0 | AI70: 0
A71: Tandem pore domain halothane-inhibited K+ channel (THIK) | B71: 0 | C71: 0 | D71: 0 | E71: 0 | F71: 0 | G71: 0 | H71: 0 | I71: 0 | J71: 0 | K71: 0 | L71: 0 | M71: 0 | N71: 0 | O71: 0 | P71: 0 | Q71: 0 | R71: 0 | S71: 0 | T71: 0 | U71: 0 | V71: 0 | W71: 0 | X71: 0 | Y71: 0 | Z71: 0 | AA71: 0 | AB71: 0 | AC71: 0 | AD71: 0 | AE71: 0 | AF71: 0 | AG71: 0 | AH71: 0 | AI71: 0
A72: Tandem of pore domain in a weak inwardly rectifying K+ channels (TWIK) | B72: 0 | C72: 0 | D72: 0 | E72: 0 | F72: 0 | G72: 0 | H72: 0 | I72: 0 | J72: 0 | K72: 0 | L72: 0 | M72: 0 | N72: 0 | O72: 0 | P72: 0 | Q72: 0 | R72: 0 | S72: 0 | T72: 0 | U72: 0 | V72: 0 | W72: 0 | X72: 0 | Y72: 0 | Z72: 0 | AA72: 0 | AB72: 0 | AC72: 0 | AD72: 0 | AE72: 0 | AF72: 0 | AG72: 0 | AH72: 0 | AI72: 0
A73: TWIK-releated acid-sensitive K+ channel (TASK) | B73: 0 | C73: 0 | D73: 0 | E73: 0 | F73: 0 | G73: 0 | H73: 0 | I73: 0 | J73: 0 | K73: 0 | L73: 0 | M73: 0 | N73: 0 | O73: 0 | P73: 0 | Q73: 0 | R73: 0 | S73: 0 | T73: 0 | U73: 0 | V73: 0 | W73: 0 | X73: 0 | Y73: 0 | Z73: 0 | AA73: 0 | AB73: 0 | AC73: 0 | AD73: 0 | AE73: 0 | AF73: 0 | AG73: 0 | AH73: 0 | AI73: 0
A74: TWIK-related spinal cord K+ channel (TRESK) | B74: 0 | C74: 0 | D74: 0 | E74: 0 | F74: 0 | G74: 0 | H74: 0 | I74: 0 | J74: 0 | K74: 0 | L74: 0 | M74: 0 | N74: 0 | O74: 0 | P74: 0 | Q74: 0 | R74: 0 | S74: 0 | T74: 0 | U74: 0 | V74: 0 | W74: 0 | X74: 0 | Y74: 0 | Z74: 0 | AA74: 0 | AB74: 0 | AC74: 0 | AD74: 0 | AE74: 0 | AF74: 0 | AG74: 0 | AH74: 0 | AI74: 0
A75: TWIK-related alkaline pH activated K+ channel (TALK) | B75: 0 | C75: 0 | D75: 0 | E75: 0 | F75: 0 | G75: 0 | H75: 0 | I75: 0 | J75: 0 | K75: 0 | L75: 0 | M75: 0 | N75: 0 | O75: 0 | P75: 0 | Q75: 0 | R75: 0 | S75: 0 | T75: 0 | U75: 0 | V75: 0 | W75: 0 | X75: 0 | Y75: 0 | Z75: 0 | AA75: 0 | AB75: 0 | AC75: 0 | AD75: 0 | AE75: 0 | AF75: 0 | AG75: 0 | AH75: 0 | AI75: 0
A76: TWIK related potassium channel (TREK) | B76: 0 | C76: 0 | D76: 0 | E76: 0 | F76: 0 | G76: 0 | H76: 0 | I76: 0 | J76: 0 | K76: 0 | L76: 0 | M76: 0 | N76: 0 | O76: 0 | P76: 0 | Q76: 0 | R76: 0 | S76: 0 | T76: 0 | U76: 0 | V76: 0 | W76: 0 | X76: 0 | Y76: 0 | Z76: 0 | AA76: 0 | AB76: 0 | AC76: 0 | AD76: 0 | AE76: 0 | AF76: 0 | AG76: 0 | AH76: 0 | AI76: 0
A77: Receptor-type tyrosine-protein phosphatases | B77: 0 | C77: 0 | D77: 0 | E77: 0 | F77: 0 | G77: 0 | H77: 0 | I77: 0 | J77: 0 | K77: 0 | L77: 0 | M77: 0 | N77: 0 | O77: 0 | P77: 0 | Q77: 0 | R77: 0 | S77: 0 | T77: 0 | U77: 0 | V77: 0 | W77: 0 | X77: 0 | Y77: 0 | Z77: 0 | AA77: 0 | AB77: 0 | AC77: 0 | AD77: 0 | AE77: 0 | AF77: 0 | AG77: 0 | AH77: 0 | AI77: 0
... A79: Synaptic adhesion-like molecules | B79: 0 | C79: 0 | D79: 0 | E79: 0 | F79: 0 | G79: 0 | H79: 0 | I79: 0 | J79: 0 | K79: 0 | L79: 0 | M79: 0 | N79: 0 | O79: 0 | P79: 0 | Q79: 0 | R79: 0 | S79: 0 | T79: 0 | U79: 0 | V79: 0 | W79: 0 | X79: 0 | Y79: 0 | Z79: 0 | AA79: 0 | AB79: 0 | AC79: 0 | AD79: 0 | AE79: 0 | AF79: 0 | AG79: 0 | AH79: 0 | AI79: 0

Sheet Developmental Biology
A1: Back to main page
A2: group | B2: ALTERS CELL PROLIFERATION AND CELL DEATH | C2: MODULATES NUCLEAR RECEPTOR-MEDIATED EFFECTS | D2: INDUCES OXIDATIVE STRESS | E2: CAUSES INFLAMMATION | F2: INDUCES EPIGENETIC ALTERATIONS | G2: ALTERS SIGNAL TRANSDUCTION | H2: CAUSES MITOCHONDRIAL DYSFUNCTION | I2: IS GENOTOXIC | J2: IS METABOLICALLY ACTIVATED OR REACTIVE | K2: ALTERS CELL-CELL INTERACTIONS AND COMMUNICATION | L2: DISRUPTS CELLULAR CYTOSKELETON | M2: IS IMMUNOSUPPRESSIVE | N2: ALTERS PRODUCTION OF HORMONE | O2: DISRUPTS LIPID AND PROTEIN METABOLISM OR CAUSES DYSLIPIDEMIA | P2: DISRUPTS TRANSPORT FUNCTION | Q2: ALTERS GERM CELL DEVELOPMENT, FUNCTION, OR DEATH | R2: AFFECTS ANTIGEN PROCESSING AND PRESENTATION | S2: ALTERS DNA REPAIR OR CAUSES GENOMIC INSTABILITY | T2: ALTERS EFFECTOR FUNCTION OF SPECIFIC CELL TYPES | U2: ALTERS HEMOSTASIS | V2: ALTERS HORMONE DISTRIBUTION OR CIRCULATING HORMONE LEVELS | W2: ALTERS HORMONE METABOLISM OR CLEARANCE | X2: ALTERS IMMUNE CELL SIGNALING | Y2: ALTERS IMMUNE CELL TRAFFICKING | Z2: BREAKS DOWN IMMUNE TOLERANCE | AA2: ACTIVATES STRESS SIGNALING PATHWAYS | AB2: CAUSES CHOLESTASIS | AC2: CAUSES IMMORTALIZATION | AD2: CAUSES LIVER FIBROSIS | AE2: IMPACTS ENDOTHELIAL AND VASCULAR FUNCTION | AF2: IMPAIRS CARDIAC CONTRACTILITY AND RELAXATION | AG2: IMPAIRS REGULATION OF CARDIAC EXCITABILITY | AH2: MODIFIES AUTONOMIC NERVOUS SYSTEM ACTIVITY | AI2: MODIFIES CELLULAR DIFFERENTIATION
A3: Signaling by NODAL | B3: 0 | C3: 0 | D3: 0 | E3: 0 | F3: 0 | G3: 0 | H3: 0 | I3: 0 | J3: 0 | K3: 0 | L3: 0 | M3: 0 | N3: 0 | O3: 0 | P3: 0 | Q3: 0 | R3: 0 | S3: 0 | T3: 0 | U3: 0 | V3: 0 | W3: 0 | X3: 0 | Y3: 0 | Z3: 0 | AA3: 0 | AB3: 0 | AC3: 0 | AD3: 0 | AE3: 0 | AF3: 0 | AG3: 0 | AH3: 0 | AI3: 0
A4: Regulation of beta-cell development | B4: 0 | C4: 0 | D4: 0 | E4: 0 | F4: 0 | G4: 0 | H4: 0 | I4: 0 | J4: 0 | K4: 0 | L4: 0 | M4: 0 | N4: 0 | O4: 0 | P4: 0 | Q4: 0 | R4: 0 | S4: 0 | T4: 0 | U4: 0 | V4: 0 | W4: 0 | X4: 0 | Y4: 0 | Z4: 0 | AA4: 0 | AB4: 0 | AC4: 0 | AD4: 0 | AE4: 0 | AF4: 0 | AG4: 0 | AH4: 0 | AI4: 0
A5: Transcriptional regulation of white adipocyte differentiation | B5: 0 | C5: 0 | D5: 0 | E5: 0 | F5: 0 | G5: 0 | H5: 0 | I5: 0 | J5: 0 | K5: 0 | L5: 0 | M5: 0 | N5: 0 | O5: 0 | P5: 0 | Q5: 0 | R5: 0 | S5: 0 | T5: 0 | U5: 0 | V5: 0 | W5: 0 | X5: 0 | Y5: 0 | Z5: 0 | AA5: 0 | AB5: 0 | AC5: 0 | AD5: 0 | AE5: 0 | AF5: 0 | AG5: 0 | AH5: 0 | AI5: 0
A6: Transcriptional regulation of pluripotent stem cells | B6: 0 | C6: 0 | D6: 0 | E6: 0 | F6: 0 | G6: 0 | H6: 0 | I6: 0 | J6: 0 | K6: 0 | L6: 0 | M6: 0 | N6: 0 | O6: 0 | P6: 0 | Q6: 0 | R6: 0 | S6: 0 | T6: 0 | U6: 0 | V6: 0 | W6: 0 | X6: 0 | Y6: 0 | Z6: 0 | AA6: 0 | AB6: 0 | AC6: 1 | AD6: 0 | AE6: 0 | AF6: 0 | AG6: 0 | AH6: 0 | AI6: 0
A7: Myogenesis | B7: 0 | C7: 0 | D7: 0 | E7: 0 | F7: 0 | G7: 0 | H7: 0 | I7: 0 | J7: 0 | K7: 0 | L7: 0 | M7: 0 | N7: 0 | O7: 0 | P7: 0 | Q7: 0 | R7: 0 | S7: 0 | T7: 0 | U7: 0 | V7: 0 | W7: 0 | X7: 0 | Y7: 0 | Z7: 0 | AA7: 0 | AB7: 0 | AC7: 0 | AD7: 0 | AE7: 0 | AF7: 0 | AG7: 0 | AH7: 0 | AI7: 0
A8: Activation of HOX genes during differentiation | B8: 0 | C8: 0 | D8: 0 | E8: 0 | F8: 0 | G8: 0 | H8: 0 | I8: 0 | J8: 0 | K8: 0 | L8: 0 | M8: 0 | N8: 0 | O8: 0 | P8: 0 | Q8: 0 | R8: 0 | S8: 0 | T8: 0 | U8: 0 | V8: 0 | W8: 0 | X8: 0 | Y8: 0 | Z8: 0 | AA8: 0 | AB8: 0 | AC8: 0 | AD8: 0 | AE8: 0 | AF8: 0 | AG8: 0 | AH8: 0 | AI8: 0
A9: LGI-ADAM interactions | B9: 0 | C9: 0 | D9: 0 | E9: 0 | F9: 0 | G9: 0 | H9: 0 | I9: 0 | J9: 0 | K9: 0 | L9: 0 | M9: 0 | N9: 0 | O9: 0 | P9: 0 | Q9: 0 | R9: 0 | S9: 0 | T9: 0 | U9: 0 | V9: 0 | W9: 0 | X9: 0 | Y9: 0 | Z9: 0 | AA9: 0 | AB9: 0 | AC9: 0 | AD9: 0 | AE9: 0 | AF9: 0 | AG9: 0 | AH9: 0 | AI9: 0
A10: Keratinization | B10: 0 | C10: 0 | D10: 0 | E10: 0 | F10: 0 | G10: 0 | H10: 0 | I10: 0 | J10: 0 | K10: 0 | L10: 0 | M10: 0 | N10: 0 | O10: 0 | P10: 0 | Q10: 0 | R10: 0 | S10: 0 | T10: 0 | U10: 0 | V10: 0 | W10: 0 | X10: 0 | Y10: 0 | Z10: 0 | AA10: 0 | AB10: 0 | AC10: 0 | AD10: 0 | AE10: 0 | AF10: 0 | AG10: 0 | AH10: 0 | AI10: 0
A11: Transcriptional regulation of granulopoiesis | B11: 0 | C11: 0 | D11: 0 | E11: 0 | F11: 0 | G11: 0 | H11: 0 | I11: 0 | J11: 0 | K11: 0 | L11: 0 | M11: 0 | N11: 0 | O11: 0 | P11: 0 | Q11: 0 | R11: 0 | S11: 0 | T11: 0 | U11: 0 | V11: 0 | W11: 0 | X11: 0 | Y11: 0 | Z11: 0 | AA11: 0 | AB11: 0 | AC11: 0 | AD11: 0 | AE11: 0 | AF11: 0 | AG11: 0 | AH11: 0 | AI11: 0
A12: Nervous system development | B12: 0 | C12: 0 | D12: 0 | E12: 0 | F12: 0 | G12: 0 | H12: 0 | I12: 0 | J12: 0 | K12: 0 | L12: 0 | M12: 0 | N12: 0 | O12: 0 | P12: 0 | Q12: 0 | R12: 0 | S12: 0 | T12: 0 | U12: 0 | V12: 0 | W12: 0 | X12: 0 | Y12: 0 | Z12: 0 | AA12: 0 | AB12: 0 | AC12: 0 | AD12: 0 | AE12: 0 | AF12: 0 | AG12: 0 | AH12: 0 | AI12: 0
A13: Transcriptional regulation of testis differentiation | B13: 0 | C13: 0 | D13: 0 | E13: 0 | F13: 0 | G13: 0 | H13: 0 | I13: 0 | J13: 0 | K13: 0 | L13: 0 | M13: 0 | N13: 0 | O13: 0 | P13: 0 | Q13: 1 | R13: 0 | S13: 0 | T13: 0 | U13: 0 | V13: 0 | W13: 0 | X13: 0 | Y13: 0 | Z13: 0 | AA13: 0 | AB13: 0 | AC13: 0 | AD13: 0 | AE13: 0 | AF13: 0 | AG13: 0 | AH13: 0 | AI13: 0
A14: Cardiogenesis | B14: 0 | C14: 0 | D14: 0 | E14: 0 | F14: 0 | G14: 0 | H14: 0 | I14: 0 | J14: 0 | K14: 0 | L14: 0 | M14: 0 | N14: 0 | O14: 0 | P14: 0 | Q14: 0 | R14: 0 | S14: 0 | T14: 0 | U14: 0 | V14: 0 | W14: 0 | X14: 0 | Y14: 0 | Z14: 0 | AA14: 0 | AB14: 0 | AC14: 0 | AD14: 0 | AE14: 0 | AF14: 0 | AG14: 0 | AH14: 0 | AI14: 0
... A82: Developmental Biology | B82: 0 | C82: 0 | D82: 0 | E82: 0 | F82: 0 | G82: 0 | H82: 0 | I82: 0 | J82: 0 | K82: 0 | L82: 0 | M82: 0 | N82: 0 | O82: 0 | P82: 0 | Q82: 0 | R82: 0 | S82: 0 | T82: 0 | U82: 0 | V82: 0 | W82: 0 | X82: 0 | Y82: 0 | Z82: 0 | AA82: 0 | AB82: 0 | AC82: 0 | AD82: 0 | AE82: 0 | AF82: 0 | AG82: 0 | AH82: 0 | AI82: 0

Sheet Transport of small molecules
A1: Back to main page
A2: group | B2: ALTERS CELL PROLIFERATION AND CELL DEATH | C2: MODULATES NUCLEAR RECEPTOR-MEDIATED EFFECTS | D2: INDUCES OXIDATIVE STRESS | E2: CAUSES INFLAMMATION | F2: INDUCES EPIGENETIC ALTERATIONS | G2: ALTERS SIGNAL TRANSDUCTION | H2: CAUSES MITOCHONDRIAL DYSFUNCTION | I2: IS GENOTOXIC | J2: IS METABOLICALLY ACTIVATED OR REACTIVE | K2: ALTERS CELL-CELL INTERACTIONS AND COMMUNICATION | L2: DISRUPTS CELLULAR CYTOSKELETON | M2: IS IMMUNOSUPPRESSIVE | N2: ALTERS PRODUCTION OF HORMONE | O2: DISRUPTS LIPID AND PROTEIN METABOLISM OR CAUSES DYSLIPIDEMIA | P2: DISRUPTS TRANSPORT FUNCTION | Q2: ALTERS GERM CELL DEVELOPMENT, FUNCTION, OR DEATH | R2: AFFECTS ANTIGEN PROCESSING AND PRESENTATION | S2: ALTERS DNA REPAIR OR CAUSES GENOMIC INSTABILITY | T2: ALTERS EFFECTOR FUNCTION OF SPECIFIC CELL TYPES | U2: ALTERS HEMOSTASIS | V2: ALTERS HORMONE DISTRIBUTION OR CIRCULATING HORMONE LEVELS | W2: ALTERS HORMONE METABOLISM OR CLEARANCE | X2: ALTERS IMMUNE CELL SIGNALING | Y2: ALTERS IMMUNE CELL TRAFFICKING | Z2: BREAKS DOWN IMMUNE TOLERANCE | AA2: ACTIVATES STRESS SIGNALING PATHWAYS | AB2: CAUSES CHOLESTASIS | AC2: CAUSES IMMORTALIZATION | AD2: CAUSES LIVER FIBROSIS | AE2: IMPACTS ENDOTHELIAL AND VASCULAR FUNCTION | AF2: IMPAIRS CARDIAC CONTRACTILITY AND RELAXATION | AG2: IMPAIRS REGULATION OF CARDIAC EXCITABILITY | AH2: MODIFIES AUTONOMIC NERVOUS SYSTEM ACTIVITY | AI2: MODIFIES CELLULAR DIFFERENTIATION
A3: O2/CO2 exchange in erythrocytes | B3: 0 | C3: 0 | D3: 0 | E3: 0 | F3: 0 | G3: 0 | H3: 0 | I3: 0 | J3: 0 | K3: 0 | L3: 0 | M3: 0 | N3: 0 | O3: 0 | P3: 1 | Q3: 0 | R3: 0 | S3: 0 | T3: 0 | U3: 0 | V3: 0 | W3: 0 | X3: 0 | Y3: 0 | Z3: 0 | AA3: 0 | AB3: 0 | AC3: 0 | AD3: 0 | AE3: 0 | AF3: 0 | AG3: 0 | AH3: 0 | AI3: 0
A4: Plasma lipoprotein assembly, remodeling, and clearance | B4: 0 | C4: 0 | D4: 0 | E4: 0 | F4: 0 | G4: 0 | H4: 0 | I4: 0 | J4: 0 | K4: 0 | L4: 0 | M4: 0 | N4: 0 | O4: 1 | P4: 1 | Q4: 0 | R4: 0 | S4: 0 | T4: 0 | U4: 0 | V4: 0 | W4: 0 | X4: 0 | Y4: 0 | Z4: 0 | AA4: 0 | AB4: 0 | AC4: 0 | AD4: 0 | AE4: 0 | AF4: 0 | AG4: 0 | AH4: 0 | AI4: 0
A5: ABC-family proteins mediated transport | B5: 0 | C5: 0 | D5: 0 | E5: 0 | F5: 0 | G5: 0 | H5: 0 | I5: 0 | J5: 0 | K5: 0 | L5: 0 | M5: 0 | N5: 0 | O5: 1 | P5: 1 | Q5: 0 | R5: 0 | S5: 0 | T5: 0 | U5: 0 | V5: 0 | W5: 0 | X5: 0 | Y5: 0 | Z5: 0 | AA5: 0 | AB5: 0 | AC5: 0 | AD5: 0 | AE5: 0 | AF5: 0 | AG5: 0 | AH5: 0 | AI5: 0
A6: SLC-mediated transmembrane transport | B6: 0 | C6: 0 | D6: 0 | E6: 0 | F6: 0 | G6: 0 | H6: 0 | I6: 0 | J6: 0 | K6: 0 | L6: 0 | M6: 0 | N6: 0 | O6: 0 | P6: 1 | Q6: 0 | R6: 0 | S6: 0 | T6: 0 | U6: 0 | V6: 0 | W6: 0 | X6: 0 | Y6: 0 | Z6: 0 | AA6: 0 | AB6: 0 | AC6: 0 | AD6: 0 | AE6: 0 | AF6: 0 | AG6: 0 | AH6: 0 | AI6: 0
A7: Aquaporin-mediated transport | B7: 0 | C7: 0 | D7: 0 | E7: 0 | F7: 0 | G7: 0 | H7: 0 | I7: 0 | J7: 0 | K7: 0 | L7: 0 | M7: 0 | N7: 0 | O7: 0 | P7: 1 | Q7: 0 | R7: 0 | S7: 0 | T7: 0 | U7: 0 | V7: 0 | W7: 0 | X7: 0 | Y7: 0 | Z7: 0 | AA7: 0 | AB7: 0 | AC7: 0 | AD7: 0 | AE7: 0 | AF7: 0 | AG7: 0 | AH7: 0 | AI7: 0
A8: Miscellaneous transport and binding events | B8: 0 | C8: 0 | D8: 0 | E8: 0 | F8: 0 | G8: 0 | H8: 0 | I8: 0 | J8: 0 | K8: 0 | L8: 0 | M8: 0 | N8: 0 | O8: 0 | P8: 1 | Q8: 0 | R8: 0 | S8: 0 | T8: 0 | U8: 0 | V8: 0 | W8: 0 | X8: 0 | Y8: 0 | Z8: 0 | AA8: 0 | AB8: 0 | AC8: 0 | AD8: 0 | AE8: 0 | AF8: 0 | AG8: 0 | AH8: 0 | AI8: 0
A9: Mitochondrial calcium ion transport | B9: 0 | C9: 0 | D9: 0 | E9: 0 | F9: 0 | G9: 0 | H9: 1 | I9: 0 | J9: 0 | K9: 0 | L9: 0 | M9: 0 | N9: 0 | O9: 0 | P9: 1 | Q9: 0 | R9: 0 | S9: 0 | T9: 0 | U9: 0 | V9: 0 | W9: 0 | X9: 0 | Y9: 0 | Z9: 0 | AA9: 0 | AB9: 0 | AC9: 0 | AD9: 0 | AE9: 0 | AF9: 0 | AG9: 0 | AH9: 0 | AI9: 0
A10: Intracellular oxygen transport | B10: 0 | C10: 0 | D10: 0 | E10: 0 | F10: 0 | G10: 0 | H10: 0 | I10: 0 | J10: 0 | K10: 0 | L10: 0 | M10: 0 | N10: 0 | O10: 0 | P10: 1 | Q10: 0 | R10: 0 | S10: 0 | T10: 0 | U10: 0 | V10: 0 | W10: 0 | X10: 0 | Y10: 0 | Z10: 0 | AA10: 0 | AB10: 0 | AC10: 0 | AD10: 0 | AE10: 0 | AF10: 0 | AG10: 0 | AH10: 0 | AI10: 0
A11: Iron uptake and transport | B11: 0 | C11: 0 | D11: 0 | E11: 0 | F11: 0 | G11: 0 | H11: 0 | I11: 0 | J11: 0 | K11: 0 | L11: 0 | M11: 0 | N11: 0 | O11: 0 | P11: 1 | Q11: 0 | R11: 0 | S11: 0 | T11: 0 | U11: 0 | V11: 0 | W11: 0 | X11: 0 | Y11: 0 | Z11: 0 | AA11: 0 | AB11: 0 | AC11: 0 | AD11: 0 | AE11: 0 | AF11: 0 | AG11: 0 | AH11: 0 | AI11: 0
A12: Ion channel transport | B12: 0 | C12: 0 | D12: 0 | E12: 0 | F12: 0 | G12: 0 | H12: 0 | I12: 0 | J12: 0 | K12: 0 | L12: 0 | M12: 0 | N12: 0 | O12: 0 | P12: 1 | Q12: 0 | R12: 0 | S12: 0 | T12: 0 | U12: 0 | V12: 0 | W12: 0 | X12: 0 | Y12: 0 | Z12: 0 | AA12: 0 | AB12: 0 | AC12: 0 | AD12: 0 | AE12: 0 | AF12: 0 | AG12: 1 | AH12: 0 | AI12: 0
A13: Erythrocytes take up carbon dioxide and release oxygen | B13: 0 | C13: 0 | D13: 0 | E13: 0 | F13: 0 | G13: 0 | H13: 0 | I13: 0 | J13: 0 | K13: 0 | L13: 0 | M13: 0 | N13: 0 | O13: 0 | P13: 1 | Q13: 0 | R13: 0 | S13: 0 | T13: 0 | U13: 0 | V13: 0 | W13: 0 | X13: 0 | Y13: 0 | Z13: 0 | AA13: 0 | AB13: 0 | AC13: 0 | AD13: 0 | AE13: 0 | AF13: 0 | AG13: 0 | AH13: 0 | AI13: 0
A14: Erythrocytes take up oxygen and release carbon dioxide | B14: 0 | C14: 0 | D14: 0 | E14: 0 | F14: 0 | G14: 0 | H14: 0 | I14: 0 | J14: 0 | K14: 0 | L14: 0 | M14: 0 | N14: 0 | O14: 0 | P14: 1 | Q14: 0 | R14: 0 | S14: 0 | T14: 0 | U14: 0 | V14: 0 | W14: 0 | X14: 0 | Y14: 0 | Z14: 0 | AA14: 0 | AB14: 0 | AC14: 0 | AD14: 0 | AE14: 0 | AF14: 0 | AG14: 0 | AH14: 0 | AI14: 0
... A70: TRP channels | B70: 0 | C70: 0 | D70: 0 | E70: 0 | F70: 0 | G70: 0 | H70: 0 | I70: 0 | J70: 0 | K70: 0 | L70: 0 | M70: 0 | N70: 0 | O70: 0 | P70: 1 | Q70: 0 | R70: 0 | S70: 0 | T70: 0 | U70: 0 | V70: 0 | W70: 0 | X70: 0 | Y70: 0 | Z70: 0 | AA70: 0 | AB70: 0 | AC70: 0 | AD70: 0 | AE70: 0 | AF70: 0 | AG70: 0 | AH70: 0 | AI70: 0

Sheet DNA Repair
A1: Back to main page
A2: group | B2: ALTERS CELL PROLIFERATION AND CELL DEATH | C2: MODULATES NUCLEAR RECEPTOR-MEDIATED EFFECTS | D2: INDUCES OXIDATIVE STRESS | E2: CAUSES INFLAMMATION | F2: INDUCES EPIGENETIC ALTERATIONS | G2: ALTERS SIGNAL TRANSDUCTION | H2: CAUSES MITOCHONDRIAL DYSFUNCTION | I2: IS GENOTOXIC | J2: IS METABOLICALLY ACTIVATED OR REACTIVE | K2: ALTERS CELL-CELL INTERACTIONS AND COMMUNICATION | L2: DISRUPTS CELLULAR CYTOSKELETON | M2: IS IMMUNOSUPPRESSIVE | N2: ALTERS PRODUCTION OF HORMONE | O2: DISRUPTS LIPID AND PROTEIN METABOLISM OR CAUSES DYSLIPIDEMIA | P2: DISRUPTS TRANSPORT FUNCTION | Q2: ALTERS GERM CELL DEVELOPMENT, FUNCTION, OR DEATH | R2: AFFECTS ANTIGEN PROCESSING AND PRESENTATION | S2: ALTERS DNA REPAIR OR CAUSES GENOMIC INSTABILITY | T2: ALTERS EFFECTOR FUNCTION OF SPECIFIC CELL TYPES | U2: ALTERS HEMOSTASIS | V2: ALTERS HORMONE DISTRIBUTION OR CIRCULATING HORMONE LEVELS | W2: ALTERS HORMONE METABOLISM OR CLEARANCE | X2: ALTERS IMMUNE CELL SIGNALING | Y2: ALTERS IMMUNE CELL TRAFFICKING | Z2: BREAKS DOWN IMMUNE TOLERANCE | AA2: ACTIVATES STRESS SIGNALING PATHWAYS | AB2: CAUSES CHOLESTASIS | AC2: CAUSES IMMORTALIZATION | AD2: CAUSES LIVER FIBROSIS | AE2: IMPACTS ENDOTHELIAL AND VASCULAR FUNCTION | AF2: IMPAIRS CARDIAC CONTRACTILITY AND RELAXATION | AG2: IMPAIRS REGULATION OF CARDIAC EXCITABILITY | AH2: MODIFIES AUTONOMIC NERVOUS SYSTEM ACTIVITY | AI2: MODIFIES CELLULAR DIFFERENTIATION
A3: Mismatch Repair | B3: 0 | C3: 0 | D3: 0 | E3: 0 | F3: 0 | G3: 0 | H3: 0 | I3: 1 | J3: 0 | K3: 0 | L3: 0 | M3: 0 | N3: 0 | O3: 0 | P3: 0 | Q3: 0 | R3: 0 | S3: 1 | T3: 0 | U3: 0 | V3: 0 | W3: 0 | X3: 0 | Y3: 0 | Z3: 0 | AA3: 0 | AB3: 0 | AC3: 0 | AD3: 0 | AE3: 0 | AF3: 0 | AG3: 0 | AH3: 0 | AI3: 0
A4: DNA Double-Strand Break Repair | B4: 0 | C4: 0 | D4: 0 | E4: 0 | F4: 0 | G4: 0 | H4: 0 | I4: 1 | J4: 0 | K4: 0 | L4: 0 | M4: 0 | N4: 0 | O4: 0 | P4: 0 | Q4: 0 | R4: 0 | S4: 1 | T4: 0 | U4: 0 | V4: 0 | W4: 0 | X4: 0 | Y4: 0 | Z4: 0 | AA4: 0 | AB4: 0 | AC4: 0 | AD4: 0 | AE4: 0 | AF4: 0 | AG4: 0 | AH4: 0 | AI4: 0
A5: Nucleotide Excision Repair | B5: 0 | C5: 0 | D5: 0 | E5: 0 | F5: 0 | G5: 0 | H5: 0 | I5: 1 | J5: 0 | K5: 0 | L5: 0 | M5: 0 | N5: 0 | O5: 0 | P5: 0 | Q5: 0 | R5: 0 | S5: 1 | T5: 0 | U5: 0 | V5: 0 | W5: 0 | X5: 0 | Y5: 0 | Z5: 0 | AA5: 0 | AB5: 0 | AC5: 0 | AD5: 0 | AE5: 0 | AF5: 0 | AG5: 0 | AH5: 0 | AI5: 0
A6: Fanconi Anemia Pathway | B6: 0 | C6: 0 | D6: 0 | E6: 0 | F6: 0 | G6: 0 | H6: 0 | I6: 1 | J6: 0 | K6: 0 | L6: 0 | M6: 0 | N6: 0 | O6: 0 | P6: 0 | Q6: 0 | R6: 0 | S6: 1 | T6: 0 | U6: 0 | V6: 0 | W6: 0 | X6: 0 | Y6: 0 | Z6: 0 | AA6: 0 | AB6: 0 | AC6: 0 | AD6: 0 | AE6: 0 | AF6: 0 | AG6: 0 | AH6: 0 | AI6: 0
A7: Base Excision Repair | B7: 0 | C7: 0 | D7: 0 | E7: 0 | F7: 0 | G7: 0 | H7: 0 | I7: 1 | J7: 0 | K7: 0 | L7: 0 | M7: 0 | N7: 0 | O7: 0 | P7: 0 | Q7: 0 | R7: 0 | S7: 1 | T7: 0 | U7: 0 | V7: 0 | W7: 0 | X7: 0 | Y7: 0 | Z7: 0 | AA7: 0 | AB7: 0 | AC7: 0 | AD7: 0 | AE7: 0 | AF7: 0 | AG7: 0 | AH7: 0 | AI7: 0
A8: DNA Damage Bypass | B8: 0 | C8: 0 | D8: 0 | E8: 0 | F8: 0 | G8: 0 | H8: 0 | I8: 1 | J8: 0 | K8: 0 | L8: 0 | M8: 0 | N8: 0 | O8: 0 | P8: 0 | Q8: 0 | R8: 0 | S8: 1 | T8: 0 | U8: 0 | V8: 0 | W8: 0 | X8: 0 | Y8: 0 | Z8: 0 | AA8: 0 | AB8: 0 | AC8: 0 | AD8: 0 | AE8: 0 | AF8: 0 | AG8: 0 | AH8: 0 | AI8: 0
A9: DNA Damage Reversal | B9: 0 | C9: 0 | D9: 0 | E9: 0 | F9: 0 | G9: 0 | H9: 0 | I9: 1 | J9: 0 | K9: 0 | L9: 0 | M9: 0 | N9: 0 | O9: 0 | P9: 0 | Q9: 0 | R9: 0 | S9: 1 | T9: 0 | U9: 0 | V9: 0 | W9: 0 | X9: 0 | Y9: 0 | Z9: 0 | AA9: 0 | AB9: 0 | AC9: 0 | AD9: 0 | AE9: 0 | AF9: 0 | AG9: 0 | AH9: 0 | AI9: 0
A10: Mismatch repair (MMR) directed by MSH2:MSH6 (MutSalpha) | B10: 0 | C10: 0 | D10: 0 | E10: 0 | F10: 0 | G10: 0 | H10: 0 | I10: 1 | J10: 0 | K10: 0 | L10: 0 | M10: 0 | N10: 0 | O10: 0 | P10: 0 | Q10: 0 | R10: 0 | S10: 1 | T10: 0 | U10: 0 | V10: 0 | W10: 0 | X10: 0 | Y10: 0 | Z10: 0 | AA10: 0 | AB10: 0 | AC10: 0 | AD10: 0 | AE10: 0 | AF10: 0 | AG10: 0 | AH10: 0 | AI10: 0
A11: Mismatch repair (MMR) directed by MSH2:MSH3 (MutSbeta) | B11: 0 | C11: 0 | D11: 0 | E11: 0 | F11: 0 | G11: 0 | H11: 0 | I11: 1 | J11: 0 | K11: 0 | L11: 0 | M11: 0 | N11: 0 | O11: 0 | P11: 0 | Q11: 0 | R11: 0 | S11: 1 | T11: 0 | U11: 0 | V11: 0 | W11: 0 | X11: 0 | Y11: 0 | Z11: 0 | AA11: 0 | AB11: 0 | AC11: 0 | AD11: 0 | AE11: 0 | AF11: 0 | AG11: 0 | AH11: 0 | AI11: 0
A12: Homology Directed Repair | B12: 0 | C12: 0 | D12: 0 | E12: 0 | F12: 0 | G12: 0 | H12: 0 | I12: 1 | J12: 0 | K12: 0 | L12: 0 | M12: 0 | N12: 0 | O12: 0 | P12: 0 | Q12: 0 | R12: 0 | S12: 1 | T12: 0 | U12: 0 | V12: 0 | W12: 0 | X12: 0 | Y12: 0 | Z12: 0 | AA12: 0 | AB12: 0 | AC12: 0 | AD12: 0 | AE12: 0 | AF12: 0 | AG12: 0 | AH12: 0 | AI12: 0
A13: Nonhomologous End-Joining (NHEJ) | B13: 0 | C13: 0 | D13: 0 | E13: 0 | F13: 0 | G13: 0 | H13: 0 | I13: 1 | J13: 0 | K13: 0 | L13: 0 | M13: 0 | N13: 0 | O13: 0 | P13: 0 | Q13: 0 | R13: 0 | S13: 1 | T13: 0 | U13: 0 | V13: 0 | W13: 0 | X13: 0 | Y13: 0 | Z13: 0 | AA13: 0 | AB13: 0 | AC13: 0 | AD13: 0 | AE13: 0 | AF13: 0 | AG13: 0 | AH13: 0 | AI13: 0
A14: DNA Double Strand Break Response | B14: 0 | C14: 0 | D14: 0 | E14: 0 | F14: 0 | G14: 0 | H14: 0 | I14: 1 | J14: 0 | K14: 0 | L14: 0 | M14: 0 | N14: 0 | O14: 0 | P14: 0 | Q14: 0 | R14: 0 | S14: 1 | T14: 0 | U14: 0 | V14: 0 | W14: 0 | X14: 0 | Y14: 0 | Z14: 0 | AA14: 0 | AB14: 0 | AC14: 0 | AD14: 0 | AE14: 0 | AF14: 0 | AG14: 0 | AH14: 0 | AI14: 0
... A66: DNA Repair | B66: 0 | C66: 0 | D66: 0 | E66: 0 | F66: 0 | G66: 0 | H66: 0 | I66: 1 | J66: 0 | K66: 0 | L66: 0 | M66: 0 | N66: 0 | O66: 0 | P66: 0 | Q66: 0 | R66: 0 | S66: 1 | T66: 0 | U66: 0 | V66: 0 | W66: 0 | X66: 0 | Y66: 0 | Z66: 0 | AA66: 0 | AB66: 0 | AC66: 0 | AD66: 0 | AE66: 0 | AF66: 0 | AG66: 0 | AH66: 0 | AI66: 0

Sheet Cellular responses to stimuli
A1: Back to main page
A2: group | B2: ALTERS CELL PROLIFERATION AND CELL DEATH | C2: MODULATES NUCLEAR RECEPTOR-MEDIATED EFFECTS | D2: INDUCES OXIDATIVE STRESS | E2: CAUSES INFLAMMATION | F2: INDUCES EPIGENETIC ALTERATIONS | G2: ALTERS SIGNAL TRANSDUCTION | H2: CAUSES MITOCHONDRIAL DYSFUNCTION | I2: IS GENOTOXIC | J2: IS METABOLICALLY ACTIVATED OR REACTIVE | K2: ALTERS CELL-CELL INTERACTIONS AND COMMUNICATION | L2: DISRUPTS CELLULAR CYTOSKELETON | M2: IS IMMUNOSUPPRESSIVE | N2: ALTERS PRODUCTION OF HORMONE | O2: DISRUPTS LIPID AND PROTEIN METABOLISM OR CAUSES DYSLIPIDEMIA | P2: DISRUPTS TRANSPORT FUNCTION | Q2: ALTERS GERM CELL DEVELOPMENT, FUNCTION, OR DEATH | R2: AFFECTS ANTIGEN PROCESSING AND PRESENTATION | S2: ALTERS DNA REPAIR OR CAUSES GENOMIC INSTABILITY | T2: ALTERS EFFECTOR FUNCTION OF SPECIFIC CELL TYPES | U2: ALTERS HEMOSTASIS | V2: ALTERS HORMONE DISTRIBUTION OR CIRCULATING HORMONE LEVELS | W2: ALTERS HORMONE METABOLISM OR CLEARANCE | X2: ALTERS IMMUNE CELL SIGNALING | Y2: ALTERS IMMUNE CELL TRAFFICKING | Z2: BREAKS DOWN IMMUNE TOLERANCE | AA2: ACTIVATES STRESS SIGNALING PATHWAYS | AB2: CAUSES CHOLESTASIS | AC2: CAUSES IMMORTALIZATION | AD2: CAUSES LIVER FIBROSIS | AE2: IMPACTS ENDOTHELIAL AND VASCULAR FUNCTION | AF2: IMPAIRS CARDIAC CONTRACTILITY AND RELAXATION | AG2: IMPAIRS REGULATION OF CARDIAC EXCITABILITY | AH2: MODIFIES AUTONOMIC NERVOUS SYSTEM ACTIVITY | AI2: MODIFIES CELLULAR DIFFERENTIATION
A3: Cellular responses to stress | B3: 0 | C3: 0 | D3: 0 | E3: 0 | F3: 0 | G3: 0 | H3: 0 | I3: 0 | J3: 0 | K3: 0 | L3: 0 | M3: 0 | N3: 0 | O3: 0 | P3: 0 | Q3: 0 | R3: 0 | S3: 0 | T3: 0 | U3: 0 | V3: 0 | W3: 0 | X3: 0 | Y3: 0 | Z3: 0 | AA3: 0 | AB3: 0 | AC3: 0 | AD3: 0 | AE3: 0 | AF3: 0 | AG3: 0 | AH3: 0 | AI3: 0
A4: Response to metal ions | B4: 0 | C4: 0 | D4: 0 | E4: 0 | F4: 0 | G4: 0 | H4: 0 | I4: 0 | J4: 0 | K4: 0 | L4: 0 | M4: 0 | N4: 0 | O4: 0 | P4: 0 | Q4: 0 | R4: 0 | S4: 0 | T4: 0 | U4: 0 | V4: 0 | W4: 0 | X4: 0 | Y4: 0 | Z4: 0 | AA4: 0 | AB4: 0 | AC4: 0 | AD4: 0 | AE4: 0 | AF4: 0 | AG4: 0 | AH4: 0 | AI4: 0
A5: Cellular response to hypoxia | B5: 0 | C5: 0 | D5: 0 | E5: 0 | F5: 0 | G5: 0 | H5: 0 | I5: 0 | J5: 0 | K5: 0 | L5: 0 | M5: 0 | N5: 0 | O5: 0 | P5: 0 | Q5: 0 | R5: 0 | S5: 0 | T5: 0 | U5: 0 | V5: 0 | W5: 0 | X5: 0 | Y5: 0 | Z5: 0 | AA5: 0 | AB5: 0 | AC5: 0 | AD5: 0 | AE5: 0 | AF5: 0 | AG5: 0 | AH5: 0 | AI5: 0
A6: Cellular Senescence | B6: 1 | C6: 0 | D6: 0 | E6: 0 | F6: 0 | G6: 0 | H6: 0 | I6: 0 | J6: 0 | K6: 0 | L6: 0 | M6: 0 | N6: 0 | O6: 0 | P6: 0 | Q6: 0 | R6: 0 | S6: 0 | T6: 0 | U6: 0 | V6: 0 | W6: 0 | X6: 0 | Y6: 0 | Z6: 0 | AA6: 0 | AB6: 0 | AC6: 0 | AD6: 0 | AE6: 0 | AF6: 0 | AG6: 0 | AH6: 0 | AI6: 0
A7: HSP90 chaperone cycle for steroid hormone receptors (SHR) in the presence of ligand | B7: 0 | C7: 0 | D7: 0 | E7: 0 | F7: 0 | G7: 0 | H7: 0 | I7: 0 | J7: 0 | K7: 0 | L7: 0 | M7: 0 | N7: 0 | O7: 0 | P7: 0 | Q7: 0 | R7: 0 | S7: 0 | T7: 0 | U7: 0 | V7: 0 | W7: 0 | X7: 0 | Y7: 0 | Z7: 0 | AA7: 0 | AB7: 0 | AC7: 0 | AD7: 0 | AE7: 0 | AF7: 0 | AG7: 0 | AH7: 0 | AI7: 0
A8: Cellular response to heat stress | B8: 0 | C8: 0 | D8: 0 | E8: 0 | F8: 0 | G8: 0 | H8: 0 | I8: 0 | J8: 0 | K8: 0 | L8: 0 | M8: 0 | N8: 0 | O8: 0 | P8: 0 | Q8: 0 | R8: 0 | S8: 0 | T8: 0 | U8: 0 | V8: 0 | W8: 0 | X8: 0 | Y8: 0 | Z8: 0 | AA8: 0 | AB8: 0 | AC8: 0 | AD8: 0 | AE8: 0 | AF8: 0 | AG8: 0 | AH8: 0 | AI8: 0
A9: Unfolded Protein Response (UPR) | B9: 0 | C9: 0 | D9: 0 | E9: 0 | F9: 0 | G9: 0 | H9: 0 | I9: 0 | J9: 0 | K9: 0 | L9: 0 | M9: 0 | N9: 0 | O9: 0 | P9: 0 | Q9: 0 | R9: 0 | S9: 0 | T9: 0 | U9: 0 | V9: 0 | W9: 0 | X9: 0 | Y9: 0 | Z9: 0 | AA9: 0 | AB9: 0 | AC9: 0 | AD9: 0 | AE9: 0 | AF9: 0 | AG9: 0 | AH9: 0 | AI9: 0
A10: Response of EIF2AK1 (HRI) to heme deficiency | B10: 0 | C10: 0 | D10: 0 | E10: 0 | F10: 0 | G10: 0 | H10: 0 | I10: 0 | J10: 0 | K10: 0 | L10: 0 | M10: 0 | N10: 0 | O10: 0 | P10: 0 | Q10: 0 | R10: 0 | S10: 0 | T10: 0 | U10: 0 | V10: 0 | W10: 0 | X10: 0 | Y10: 0 | Z10: 0 | AA10: 0 | AB10: 0 | AC10: 0 | AD10: 0 | AE10: 0 | AF10: 0 | AG10: 0 | AH10: 0 | AI10: 0
A11: Heme signaling | B11: 0 | C11: 0 | D11: 0 | E11: 0 | F11: 0 | G11: 0 | H11: 0 | I11: 0 | J11: 0 | K11: 0 | L11: 0 | M11: 0 | N11: 0 | O11: 0 | P11: 0 | Q11: 0 | R11: 0 | S11: 0 | T11: 0 | U11: 0 | V11: 0 | W11: 0 | X11: 0 | Y11: 0 | Z11: 0 | AA11: 0 | AB11: 0 | AC11: 0 | AD11: 0 | AE11: 0 | AF11: 0 | AG11: 0 | AH11: 0 | AI11: 0
A12: Cellular response to starvation | B12: 0 | C12: 0 | D12: 0 | E12: 0 | F12: 0 | G12: 0 | H12: 0 | I12: 0 | J12: 0 | K12: 0 | L12: 0 | M12: 0 | N12: 0 | O12: 0 | P12: 0 | Q12: 0 | R12: 0 | S12: 0 | T12: 0 | U12: 0 | V12: 0 | W12: 0 | X12: 0 | Y12: 0 | Z12: 0 | AA12: 0 | AB12: 0 | AC12: 0 | AD12: 0 | AE12: 0 | AF12: 0 | AG12: 0 | AH12: 0 | AI12: 0
A13: Cellular response to chemical stress | B13: 0 | C13: 0 | D13: 0 | E13: 0 | F13: 0 | G13: 0 | H13: 0 | I13: 0 | J13: 0 | K13: 0 | L13: 0 | M13: 0 | N13: 0 | O13: 0 | P13: 0 | Q13: 0 | R13: 0 | S13: 0 | T13: 0 | U13: 0 | V13: 0 | W13: 0 | X13: 0 | Y13: 0 | Z13: 0 | AA13: 0 | AB13: 0 | AC13: 0 | AD13: 0 | AE13: 0 | AF13: 0 | AG13: 0 | AH13: 0 | AI13: 0
A14: Regulation of gene expression by Hypoxia-inducible Factor | B14: 0 | C14: 0 | D14: 0 | E14: 0 | F14: 0 | G14: 0 | H14: 0 | I14: 0 | J14: 0 | K14: 0 | L14: 0 | M14: 0 | N14: 0 | O14: 0 | P14: 0 | Q14: 0 | R14: 0 | S14: 0 | T14: 0 | U14: 0 | V14: 0 | W14: 0 | X14: 0 | Y14: 0 | Z14: 0 | AA14: 0 | AB14: 0 | AC14: 0 | AD14: 0 | AE14: 0 | AF14: 0 | AG14: 0 | AH14: 0 | AI14: 0
... A51: Metallothioneins bind metals | B51: 0 | C51: 0 | D51: 0 | E51: 0 | F51: 0 | G51: 0 | H51: 0 | I51: 0 | J51: 0 | K51: 0 | L51: 0 | M51: 0 | N51: 0 | O51: 0 | P51: 0 | Q51: 0 | R51: 0 | S51: 0 | T51: 0 | U51: 0 | V51: 0 | W51: 0 | X51: 0 | Y51: 0 | Z51: 0 | AA51: 0 | AB51: 0 | AC51: 0 | AD51: 0 | AE51: 0 | AF51: 0 | AG51: 0 | AH51: 0 | AI51: 0

Sheet Programmed Cell Death
A1: Back to main page
A2: group | B2: ALTERS CELL PROLIFERATION AND CELL DEATH | C2: MODULATES NUCLEAR RECEPTOR-MEDIATED EFFECTS | D2: INDUCES OXIDATIVE STRESS | E2: CAUSES INFLAMMATION | F2: INDUCES EPIGENETIC ALTERATIONS | G2: ALTERS SIGNAL TRANSDUCTION | H2: CAUSES MITOCHONDRIAL DYSFUNCTION | I2: IS GENOTOXIC | J2: IS METABOLICALLY ACTIVATED OR REACTIVE | K2: ALTERS CELL-CELL INTERACTIONS AND COMMUNICATION | L2: DISRUPTS CELLULAR CYTOSKELETON | M2: IS IMMUNOSUPPRESSIVE | N2: ALTERS PRODUCTION OF HORMONE | O2: DISRUPTS LIPID AND PROTEIN METABOLISM OR CAUSES DYSLIPIDEMIA | P2: DISRUPTS TRANSPORT FUNCTION | Q2: ALTERS GERM CELL DEVELOPMENT, FUNCTION, OR DEATH | R2: AFFECTS ANTIGEN PROCESSING AND PRESENTATION | S2: ALTERS DNA REPAIR OR CAUSES GENOMIC INSTABILITY | T2: ALTERS EFFECTOR FUNCTION OF SPECIFIC CELL TYPES | U2: ALTERS HEMOSTASIS | V2: ALTERS HORMONE DISTRIBUTION OR CIRCULATING HORMONE LEVELS | W2: ALTERS HORMONE METABOLISM OR CLEARANCE | X2: ALTERS IMMUNE CELL SIGNALING | Y2: ALTERS IMMUNE CELL TRAFFICKING | Z2: BREAKS DOWN IMMUNE TOLERANCE | AA2: ACTIVATES STRESS SIGNALING PATHWAYS | AB2: CAUSES CHOLESTASIS | AC2: CAUSES IMMORTALIZATION | AD2: CAUSES LIVER FIBROSIS | AE2: IMPACTS ENDOTHELIAL AND VASCULAR FUNCTION | AF2: IMPAIRS CARDIAC CONTRACTILITY AND RELAXATION | AG2: IMPAIRS REGULATION OF CARDIAC EXCITABILITY | AH2: MODIFIES AUTONOMIC NERVOUS SYSTEM ACTIVITY | AI2: MODIFIES CELLULAR DIFFERENTIATION
A3: Apoptosis | B3: 1 | C3: 0 | D3: 0 | E3: 0 | F3: 0 | G3: 0 | H3: 0 | I3: 0 | J3: 0 | K3: 0 | L3: 0 | M3: 0 | N3: 0 | O3: 0 | P3: 0 | Q3: 0 | R3: 0 | S3: 0 | T3: 0 | U3: 0 | V3: 0 | W3: 0 | X3: 0 | Y3: 0 | Z3: 0 | AA3: 0 | AB3: 0 | AC3: 0 | AD3: 0 | AE3: 0 | AF3: 0 | AG3: 0 | AH3: 0 | AI3: 0
A4: Regulated Necrosis | B4: 1 | C4: 0 | D4: 0 | E4: 0 | F4: 0 | G4: 0 | H4: 0 | I4: 0 | J4: 0 | K4: 0 | L4: 0 | M4: 0 | N4: 0 | O4: 0 | P4: 0 | Q4: 0 | R4: 0 | S4: 0 | T4: 0 | U4: 0 | V4: 0 | W4: 0 | X4: 0 | Y4: 0 | Z4: 0 | AA4: 0 | AB4: 0 | AC4: 0 | AD4: 0 | AE4: 0 | AF4: 0 | AG4: 0 | AH4: 0 | AI4: 0
A5: Intrinsic Pathway for Apoptosis | B5: 1 | C5: 0 | D5: 0 | E5: 0 | F5: 0 | G5: 0 | H5: 0 | I5: 0 | J5: 0 | K5: 0 | L5: 0 | M5: 0 | N5: 0 | O5: 0 | P5: 0 | Q5: 0 | R5: 0 | S5: 0 | T5: 0 | U5: 0 | V5: 0 | W5: 0 | X5: 0 | Y5: 0 | Z5: 0 | AA5: 0 | AB5: 0 | AC5: 0 | AD5: 0 | AE5: 0 | AF5: 0 | AG5: 0 | AH5: 0 | AI5: 0
A6: Regulation of Apoptosis | B6: 1 | C6: 0 | D6: 0 | E6: 0 | F6: 0 | G6: 0 | H6: 0 | I6: 0 | J6: 0 | K6: 0 | L6: 0 | M6: 0 | N6: 0 | O6: 0 | P6: 0 | Q6: 0 | R6: 0 | S6: 0 | T6: 0 | U6: 0 | V6: 0 | W6: 0 | X6: 0 | Y6: 0 | Z6: 0 | AA6: 0 | AB6: 0 | AC6: 0 | AD6: 0 | AE6: 0 | AF6: 0 | AG6: 0 | AH6: 0 | AI6: 0
A7: Caspase activation via extrinsic apoptotic signalling pathway | B7: 1 | C7: 0 | D7: 0 | E7: 0 | F7: 0 | G7: 0 | H7: 0 | I7: 0 | J7: 0 | K7: 0 | L7: 0 | M7: 0 | N7: 0 | O7: 0 | P7: 0 | Q7: 0 | R7: 0 | S7: 0 | T7: 0 | U7: 0 | V7: 0 | W7: 0 | X7: 0 | Y7: 0 | Z7: 0 | AA7: 1 | AB7: 0 | AC7: 0 | AD7: 0 | AE7: 0 | AF7: 0 | AG7: 0 | AH7: 0 | AI7: 0
A8: Apoptotic execution phase | B8: 1 | C8: 0 | D8: 0 | E8: 0 | F8: 0 | G8: 0 | H8: 0 | I8: 0 | J8: 0 | K8: 0 | L8: 0 | M8: 0 | N8: 0 | O8: 0 | P8: 0 | Q8: 0 | R8: 0 | S8: 0 | T8: 0 | U8: 0 | V8: 0 | W8: 0 | X8: 0 | Y8: 0 | Z8: 0 | AA8: 0 | AB8: 0 | AC8: 0 | AD8: 0 | AE8: 0 | AF8: 0 | AG8: 0 | AH8: 0 | AI8: 0
A9: Activation and oligomerization of BAK protein | B9: 1 | C9: 0 | D9: 0 | E9: 0 | F9: 0 | G9: 0 | H9: 0 | I9: 0 | J9: 0 | K9: 0 | L9: 0 | M9: 0 | N9: 0 | O9: 0 | P9: 0 | Q9: 0 | R9: 0 | S9: 0 | T9: 0 | U9: 0 | V9: 0 | W9: 0 | X9: 0 | Y9: 0 | Z9: 0 | AA9: 0 | AB9: 0 | AC9: 0 | AD9: 0 | AE9: 0 | AF9: 0 | AG9: 0 | AH9: 0 | AI9: 0
A10: BH3-only proteins associate with and inactivate anti-apoptotic BCL-2 members | B10: 1 | C10: 0 | D10: 0 | E10: 0 | F10: 0 | G10: 0 | H10: 0 | I10: 0 | J10: 0 | K10: 0 | L10: 0 | M10: 0 | N10: 0 | O10: 0 | P10: 0 | Q10: 0 | R10: 0 | S10: 0 | T10: 0 | U10: 0 | V10: 0 | W10: 0 | X10: 0 | Y10: 0 | Z10: 0 | AA10: 0 | AB10: 0 | AC10: 0 | AD10: 0 | AE10: 0 | AF10: 0 | AG10: 0 | AH10: 0 | AI10: 0
A11: Apoptotic factor-mediated response | B11: 1 | C11: 0 | D11: 0 | E11: 0 | F11: 0 | G11: 0 | H11: 0 | I11: 0 | J11: 0 | K11: 0 | L11: 0 | M11: 0 | N11: 0 | O11: 0 | P11: 0 | Q11: 0 | R11: 0 | S11: 0 | T11: 0 | U11: 0 | V11: 0 | W11: 0 | X11: 0 | Y11: 0 | Z11: 0 | AA11: 0 | AB11: 0 | AC11: 0 | AD11: 0 | AE11: 0 | AF11: 0 | AG11: 0 | AH11: 0 | AI11: 0
A12: Activation, translocation and oligomerization of BAX | B12: 1 | C12: 0 | D12: 0 | E12: 0 | F12: 0 | G12: 0 | H12: 0 | I12: 0 | J12: 0 | K12: 0 | L12: 0 | M12: 0 | N12: 0 | O12: 0 | P12: 0 | Q12: 0 | R12: 0 | S12: 0 | T12: 0 | U12: 0 | V12: 0 | W12: 0 | X12: 0 | Y12: 0 | Z12: 0 | AA12: 0 | AB12: 0 | AC12: 0 | AD12: 0 | AE12: 0 | AF12: 0 | AG12: 0 | AH12: 0 | AI12: 0
A13: Activation of BH3-only proteins | B13: 1 | C13: 0 | D13: 0 | E13: 0 | F13: 0 | G13: 0 | H13: 0 | I13: 0 | J13: 0 | K13: 0 | L13: 0 | M13: 0 | N13: 0 | O13: 0 | P13: 0 | Q13: 0 | R13: 0 | S13: 0 | T13: 0 | U13: 0 | V13: 0 | W13: 0 | X13: 0 | Y13: 0 | Z13: 0 | AA13: 0 | AB13: 0 | AC13: 0 | AD13: 0 | AE13: 0 | AF13: 0 | AG13: 0 | AH13: 0 | AI13: 0
A14: Activation, myristolyation of BID and translocation to mitochondria | B14: 1 | C14: 0 | D14: 0 | E14: 0 | F14: 0 | G14: 0 | H14: 0 | I14: 0 | J14: 0 | K14: 0 | L14: 0 | M14: 0 | N14: 0 | O14: 0 | P14: 0 | Q14: 0 | R14: 0 | S14: 0 | T14: 0 | U14: 0 | V14: 0 | W14: 0 | X14: 0 | Y14: 0 | Z14: 0 | AA14: 0 | AB14: 0 | AC14: 0 | AD14: 0 | AE14: 0 | AF14: 0 | AG14: 0 | AH14: 0 | AI14: 0
... A43: CASP8 activity is inhibited | B43: 1 | C43: 0 | D43: 0 | E43: 0 | F43: 0 | G43: 0 | H43: 0 | I43: 0 | J43: 0 | K43: 0 | L43: 0 | M43: 0 | N43: 0 | O43: 0 | P43: 0 | Q43: 0 | R43: 0 | S43: 0 | T43: 0 | U43: 0 | V43: 0 | W43: 0 | X43: 0 | Y43: 0 | Z43: 0 | AA43: 0 | AB43: 0 | AC43: 0 | AD43: 0 | AE43: 0 | AF43: 0 | AG43: 0 | AH43: 0 | AI43: 0

Sheet Hemostasis
A1: Back to main page
A2: group | B2: ALTERS CELL PROLIFERATION AND CELL DEATH | C2: MODULATES NUCLEAR RECEPTOR-MEDIATED EFFECTS | D2: INDUCES OXIDATIVE STRESS | E2: CAUSES INFLAMMATION | F2: INDUCES EPIGENETIC ALTERATIONS | G2: ALTERS SIGNAL TRANSDUCTION | H2: CAUSES MITOCHONDRIAL DYSFUNCTION | I2: IS GENOTOXIC | J2: IS METABOLICALLY ACTIVATED OR REACTIVE | K2: ALTERS CELL-CELL INTERACTIONS AND COMMUNICATION | L2: DISRUPTS CELLULAR CYTOSKELETON | M2: IS IMMUNOSUPPRESSIVE | N2: ALTERS PRODUCTION OF HORMONE | O2: DISRUPTS LIPID AND PROTEIN METABOLISM OR CAUSES DYSLIPIDEMIA | P2: DISRUPTS TRANSPORT FUNCTION | Q2: ALTERS GERM CELL DEVELOPMENT, FUNCTION, OR DEATH | R2: AFFECTS ANTIGEN PROCESSING AND PRESENTATION | S2: ALTERS DNA REPAIR OR CAUSES GENOMIC INSTABILITY | T2: ALTERS EFFECTOR FUNCTION OF SPECIFIC CELL TYPES | U2: ALTERS HEMOSTASIS | V2: ALTERS HORMONE DISTRIBUTION OR CIRCULATING HORMONE LEVELS | W2: ALTERS HORMONE METABOLISM OR CLEARANCE | X2: ALTERS IMMUNE CELL SIGNALING | Y2: ALTERS IMMUNE CELL TRAFFICKING | Z2: BREAKS DOWN IMMUNE TOLERANCE | AA2: ACTIVATES STRESS SIGNALING PATHWAYS | AB2: CAUSES CHOLESTASIS | AC2: CAUSES IMMORTALIZATION | AD2: CAUSES LIVER FIBROSIS | AE2: IMPACTS ENDOTHELIAL AND VASCULAR FUNCTION | AF2: IMPAIRS CARDIAC CONTRACTILITY AND RELAXATION | AG2: IMPAIRS REGULATION OF CARDIAC EXCITABILITY | AH2: MODIFIES AUTONOMIC NERVOUS SYSTEM ACTIVITY | AI2: MODIFIES CELLULAR DIFFERENTIATION
A3: Formation of Fibrin Clot (Clotting Cascade) | B3: 0 | C3: 0 | D3: 0 | E3: 0 | F3: 0 | G3: 0 | H3: 0 | I3: 0 | J3: 0 | K3: 0 | L3: 0 | M3: 0 | N3: 0 | O3: 0 | P3: 0 | Q3: 0 | R3: 0 | S3: 0 | T3: 0 | U3: 1 | V3: 0 | W3: 0 | X3: 0 | Y3: 0 | Z3: 0 | AA3: 0 | AB3: 0 | AC3: 0 | AD3: 0 | AE3: 1 | AF3: 0 | AG3: 0 | AH3: 0 | AI3: 0
A4: Cell surface interactions at the vascular wall | B4: 0 | C4: 0 | D4: 0 | E4: 0 | F4: 0 | G4: 0 | H4: 0 | I4: 0 | J4: 0 | K4: 0 | L4: 0 | M4: 0 | N4: 0 | O4: 0 | P4: 0 | Q4: 0 | R4: 0 | S4: 0 | T4: 0 | U4: 1 | V4: 0 | W4: 0 | X4: 0 | Y4: 1 | Z4: 0 | AA4: 0 | AB4: 0 | AC4: 0 | AD4: 0 | AE4: 1 | AF4: 0 | AG4: 0 | AH4: 0 | AI4: 0
A5: Platelet homeostasis | B5: 0 | C5: 0 | D5: 0 | E5: 0 | F5: 0 | G5: 0 | H5: 0 | I5: 0 | J5: 0 | K5: 0 | L5: 0 | M5: 0 | N5: 0 | O5: 0 | P5: 0 | Q5: 0 | R5: 0 | S5: 0 | T5: 0 | U5: 1 | V5: 0 | W5: 0 | X5: 0 | Y5: 0 | Z5: 0 | AA5: 0 | AB5: 0 | AC5: 0 | AD5: 0 | AE5: 1 | AF5: 0 | AG5: 0 | AH5: 0 | AI5: 0
A6: Dissolution of Fibrin Clot | B6: 0 | C6: 0 | D6: 0 | E6: 0 | F6: 0 | G6: 0 | H6: 0 | I6: 0 | J6: 0 | K6: 0 | L6: 0 | M6: 0 | N6: 0 | O6: 0 | P6: 0 | Q6: 0 | R6: 0 | S6: 0 | T6: 0 | U6: 1 | V6: 0 | W6: 0 | X6: 0 | Y6: 0 | Z6: 0 | AA6: 0 | AB6: 0 | AC6: 0 | AD6: 0 | AE6: 1 | AF6: 0 | AG6: 0 | AH6: 0 | AI6: 0
A7: Platelet Adhesion to exposed collagen | B7: 0 | C7: 0 | D7: 0 | E7: 0 | F7: 0 | G7: 0 | H7: 0 | I7: 0 | J7: 0 | K7: 0 | L7: 0 | M7: 0 | N7: 0 | O7: 0 | P7: 0 | Q7: 0 | R7: 0 | S7: 0 | T7: 0 | U7: 1 | V7: 0 | W7: 0 | X7: 0 | Y7: 0 | Z7: 0 | AA7: 0 | AB7: 0 | AC7: 0 | AD7: 0 | AE7: 1 | AF7: 0 | AG7: 0 | AH7: 0 | AI7: 0
A8: Platelet activation, signaling and aggregation | B8: 0 | C8: 0 | D8: 0 | E8: 0 | F8: 0 | G8: 0 | H8: 0 | I8: 0 | J8: 0 | K8: 0 | L8: 0 | M8: 0 | N8: 0 | O8: 0 | P8: 0 | Q8: 0 | R8: 0 | S8: 0 | T8: 0 | U8: 1 | V8: 0 | W8: 0 | X8: 0 | Y8: 0 | Z8: 0 | AA8: 0 | AB8: 0 | AC8: 0 | AD8: 0 | AE8: 1 | AF8: 0 | AG8: 0 | AH8: 0 | AI8: 0
A9: Factors involved in megakaryocyte development and platelet production | B9: 0 | C9: 0 | D9: 0 | E9: 0 | F9: 0 | G9: 0 | H9: 0 | I9: 0 | J9: 0 | K9: 0 | L9: 0 | M9: 0 | N9: 0 | O9: 0 | P9: 0 | Q9: 0 | R9: 0 | S9: 0 | T9: 0 | U9: 1 | V9: 0 | W9: 0 | X9: 0 | Y9: 0 | Z9: 0 | AA9: 0 | AB9: 0 | AC9: 0 | AD9: 0 | AE9: 1 | AF9: 0 | AG9: 0 | AH9: 0 | AI9: 0
A10: Extrinsic Pathway of Fibrin Clot Formation | B10: 0 | C10: 0 | D10: 0 | E10: 0 | F10: 0 | G10: 0 | H10: 0 | I10: 0 | J10: 0 | K10: 0 | L10: 0 | M10: 0 | N10: 0 | O10: 0 | P10: 0 | Q10: 0 | R10: 0 | S10: 0 | T10: 0 | U10: 1 | V10: 0 | W10: 0 | X10: 0 | Y10: 0 | Z10: 0 | AA10: 0 | AB10: 0 | AC10: 0 | AD10: 0 | AE10: 1 | AF10: 0 | AG10: 0 | AH10: 0 | AI10: 0
A11: Intrinsic Pathway of Fibrin Clot Formation | B11: 0 | C11: 0 | D11: 0 | E11: 0 | F11: 0 | G11: 0 | H11: 0 | I11: 0 | J11: 0 | K11: 0 | L11: 0 | M11: 0 | N11: 0 | O11: 0 | P11: 0 | Q11: 0 | R11: 0 | S11: 0 | T11: 0 | U11: 1 | V11: 0 | W11: 0 | X11: 0 | Y11: 0 | Z11: 0 | AA11: 0 | AB11: 0 | AC11: 0 | AD11: 0 | AE11: 1 | AF11: 0 | AG11: 0 | AH11: 0 | AI11: 0
A12: Common Pathway of Fibrin Clot Formation | B12: 0 | C12: 0 | D12: 0 | E12: 0 | F12: 0 | G12: 0 | H12: 0 | I12: 0 | J12: 0 | K12: 0 | L12: 0 | M12: 0 | N12: 0 | O12: 0 | P12: 0 | Q12: 0 | R12: 0 | S12: 0 | T12: 0 | U12: 1 | V12: 0 | W12: 0 | X12: 0 | Y12: 0 | Z12: 0 | AA12: 0 | AB12: 0 | AC12: 0 | AD12: 0 | AE12: 1 | AF12: 0 | AG12: 0 | AH12: 0 | AI12: 0
A13: PECAM1 interactions | B13: 0 | C13: 0 | D13: 0 | E13: 0 | F13: 0 | G13: 0 | H13: 0 | I13: 0 | J13: 0 | K13: 0 | L13: 0 | M13: 0 | N13: 0 | O13: 0 | P13: 0 | Q13: 0 | R13: 0 | S13: 0 | T13: 0 | U13: 1 | V13: 0 | W13: 0 | X13: 0 | Y13: 1 | Z13: 0 | AA13: 0 | AB13: 0 | AC13: 0 | AD13: 0 | AE13: 1 | AF13: 0 | AG13: 0 | AH13: 0 | AI13: 0
A14: Basigin interactions | B14: 0 | C14: 0 | D14: 0 | E14: 0 | F14: 0 | G14: 0 | H14: 0 | I14: 0 | J14: 0 | K14: 0 | L14: 0 | M14: 0 | N14: 0 | O14: 0 | P14: 0 | Q14: 0 | R14: 0 | S14: 0 | T14: 0 | U14: 1 | V14: 0 | W14: 0 | X14: 0 | Y14: 1 | Z14: 0 | AA14: 0 | AB14: 0 | AC14: 0 | AD14: 0 | AE14: 1 | AF14: 0 | AG14: 0 | AH14: 0 | AI14: 0
... A41: Hemostasis | B41: 0 | C41: 0 | D41: 0 | E41: 0 | F41: 0 | G41: 0 | H41: 0 | I41: 0 | J41: 0 | K41: 0 | L41: 0 | M41: 0 | N41: 0 | O41: 0 | P41: 0 | Q41: 0 | R41: 0 | S41: 0 | T41: 0 | U41: 1 | V41: 0 | W41: 0 | X41: 0 | Y41: 1 | Z41: 0 | AA41: 0 | AB41: 0 | AC41: 0 | AD41: 0 | AE41: 1 | AF41: 0 | AG41: 0 | AH41: 0 | AI41: 0

Sheet Vesicle-mediated transport
A1: Back to main page
A2: group | B2: ALTERS CELL PROLIFERATION AND CELL DEATH | C2: MODULATES NUCLEAR RECEPTOR-MEDIATED EFFECTS | D2: INDUCES OXIDATIVE STRESS | E2: CAUSES INFLAMMATION | F2: INDUCES EPIGENETIC ALTERATIONS | G2: ALTERS SIGNAL TRANSDUCTION | H2: CAUSES MITOCHONDRIAL DYSFUNCTION | I2: IS GENOTOXIC | J2: IS METABOLICALLY ACTIVATED OR REACTIVE | K2: ALTERS CELL-CELL INTERACTIONS AND COMMUNICATION | L2: DISRUPTS CELLULAR CYTOSKELETON | M2: IS IMMUNOSUPPRESSIVE | N2: ALTERS PRODUCTION OF HORMONE | O2: DISRUPTS LIPID AND PROTEIN METABOLISM OR CAUSES DYSLIPIDEMIA | P2: DISRUPTS TRANSPORT FUNCTION | Q2: ALTERS GERM CELL DEVELOPMENT, FUNCTION, OR DEATH | R2: AFFECTS ANTIGEN PROCESSING AND PRESENTATION | S2: ALTERS DNA REPAIR OR CAUSES GENOMIC INSTABILITY | T2: ALTERS EFFECTOR FUNCTION OF SPECIFIC CELL TYPES | U2: ALTERS HEMOSTASIS | V2: ALTERS HORMONE DISTRIBUTION OR CIRCULATING HORMONE LEVELS | W2: ALTERS HORMONE METABOLISM OR CLEARANCE | X2: ALTERS IMMUNE CELL SIGNALING | Y2: ALTERS IMMUNE CELL TRAFFICKING | Z2: BREAKS DOWN IMMUNE TOLERANCE | AA2: ACTIVATES STRESS SIGNALING PATHWAYS | AB2: CAUSES CHOLESTASIS | AC2: CAUSES IMMORTALIZATION | AD2: CAUSES LIVER FIBROSIS | AE2: IMPACTS ENDOTHELIAL AND VASCULAR FUNCTION | AF2: IMPAIRS CARDIAC CONTRACTILITY AND RELAXATION | AG2: IMPAIRS REGULATION OF CARDIAC EXCITABILITY | AH2: MODIFIES AUTONOMIC NERVOUS SYSTEM ACTIVITY | AI2: MODIFIES CELLULAR DIFFERENTIATION
A3: Membrane Trafficking | B3: 0 | C3: 0 | D3: 0 | E3: 0 | F3: 0 | G3: 0 | H3: 0 | I3: 0 | J3: 0 | K3: 0 | L3: 0 | M3: 0 | N3: 0 | O3: 0 | P3: 1 | Q3: 0 | R3: 0 | S3: 0 | T3: 0 | U3: 0 | V3: 0 | W3: 0 | X3: 0 | Y3: 0 | Z3: 0 | AA3: 0 | AB3: 0 | AC3: 0 | AD3: 0 | AE3: 0 | AF3: 0 | AG3: 0 | AH3: 0 | AI3: 0
A4: Binding and Uptake of Ligands by Scavenger Receptors | B4: 0 | C4: 1 | D4: 0 | E4: 0 | F4: 0 | G4: 0 | H4: 0 | I4: 0 | J4: 0 | K4: 0 | L4: 0 | M4: 0 | N4: 0 | O4: 0 | P4: 1 | Q4: 0 | R4: 0 | S4: 0 | T4: 0 | U4: 0 | V4: 0 | W4: 0 | X4: 0 | Y4: 0 | Z4: 0 | AA4: 0 | AB4: 0 | AC4: 0 | AD4: 0 | AE4: 0 | AF4: 0 | AG4: 0 | AH4: 0 | AI4: 0
A5: Translocation of SLC2A4 (GLUT4) to the plasma membrane | B5: 0 | C5: 0 | D5: 0 | E5: 0 | F5: 0 | G5: 0 | H5: 0 | I5: 0 | J5: 0 | K5: 0 | L5: 0 | M5: 0 | N5: 0 | O5: 0 | P5: 1 | Q5: 0 | R5: 0 | S5: 0 | T5: 0 | U5: 0 | V5: 0 | W5: 0 | X5: 0 | Y5: 0 | Z5: 0 | AA5: 0 | AB5: 0 | AC5: 0 | AD5: 0 | AE5: 0 | AF5: 0 | AG5: 0 | AH5: 0 | AI5: 0
A6: Gap junction trafficking and regulation | B6: 0 | C6: 0 | D6: 0 | E6: 0 | F6: 0 | G6: 0 | H6: 0 | I6: 0 | J6: 0 | K6: 0 | L6: 0 | M6: 0 | N6: 0 | O6: 0 | P6: 1 | Q6: 0 | R6: 0 | S6: 0 | T6: 0 | U6: 0 | V6: 0 | W6: 0 | X6: 0 | Y6: 0 | Z6: 0 | AA6: 0 | AB6: 0 | AC6: 0 | AD6: 0 | AE6: 0 | AF6: 0 | AG6: 0 | AH6: 0 | AI6: 0
A7: ER to Golgi Anterograde Transport | B7: 0 | C7: 0 | D7: 0 | E7: 0 | F7: 0 | G7: 0 | H7: 0 | I7: 0 | J7: 0 | K7: 0 | L7: 0 | M7: 0 | N7: 0 | O7: 1 | P7: 1 | Q7: 0 | R7: 0 | S7: 0 | T7: 0 | U7: 0 | V7: 0 | W7: 0 | X7: 0 | Y7: 0 | Z7: 0 | AA7: 0 | AB7: 0 | AC7: 0 | AD7: 0 | AE7: 0 | AF7: 0 | AG7: 0 | AH7: 0 | AI7: 0
A8: trans-Golgi Network Vesicle Budding | B8: 0 | C8: 0 | D8: 0 | E8: 0 | F8: 0 | G8: 0 | H8: 0 | I8: 0 | J8: 0 | K8: 0 | L8: 0 | M8: 0 | N8: 0 | O8: 0 | P8: 1 | Q8: 0 | R8: 0 | S8: 0 | T8: 0 | U8: 0 | V8: 0 | W8: 0 | X8: 0 | Y8: 0 | Z8: 0 | AA8: 0 | AB8: 0 | AC8: 0 | AD8: 0 | AE8: 0 | AF8: 0 | AG8: 0 | AH8: 0 | AI8: 0
A9: Intra-Golgi and retrograde Golgi-to-ER traffic | B9: 0 | C9: 0 | D9: 0 | E9: 0 | F9: 0 | G9: 0 | H9: 0 | I9: 0 | J9: 0 | K9: 0 | L9: 0 | M9: 0 | N9: 0 | O9: 0 | P9: 1 | Q9: 0 | R9: 0 | S9: 0 | T9: 0 | U9: 0 | V9: 0 | W9: 0 | X9: 0 | Y9: 0 | Z9: 0 | AA9: 0 | AB9: 0 | AC9: 0 | AD9: 0 | AE9: 0 | AF9: 0 | AG9: 0 | AH9: 0 | AI9: 0
A10: Clathrin-mediated endocytosis | B10: 0 | C10: 0 | D10: 0 | E10: 0 | F10: 0 | G10: 0 | H10: 0 | I10: 0 | J10: 0 | K10: 0 | L10: 0 | M10: 0 | N10: 0 | O10: 0 | P10: 1 | Q10: 0 | R10: 0 | S10: 0 | T10: 0 | U10: 0 | V10: 0 | W10: 0 | X10: 0 | Y10: 0 | Z10: 0 | AA10: 0 | AB10: 0 | AC10: 0 | AD10: 0 | AE10: 0 | AF10: 0 | AG10: 0 | AH10: 0 | AI10: 0
A11: Rab regulation of trafficking | B11: 0 | C11: 0 | D11: 0 | E11: 0 | F11: 0 | G11: 0 | H11: 0 | I11: 0 | J11: 0 | K11: 0 | L11: 0 | M11: 0 | N11: 0 | O11: 0 | P11: 1 | Q11: 0 | R11: 0 | S11: 0 | T11: 0 | U11: 0 | V11: 0 | W11: 0 | X11: 0 | Y11: 0 | Z11: 0 | AA11: 0 | AB11: 0 | AC11: 0 | AD11: 0 | AE11: 0 | AF11: 0 | AG11: 0 | AH11: 0 | AI11: 0
A12: Endosomal Sorting Complex Required For Transport (ESCRT) | B12: 0 | C12: 0 | D12: 0 | E12: 0 | F12: 0 | G12: 0 | H12: 0 | I12: 0 | J12: 0 | K12: 0 | L12: 0 | M12: 0 | N12: 0 | O12: 0 | P12: 1 | Q12: 0 | R12: 0 | S12: 0 | T12: 0 | U12: 0 | V12: 0 | W12: 0 | X12: 0 | Y12: 0 | Z12: 0 | AA12: 0 | AB12: 0 | AC12: 0 | AD12: 0 | AE12: 0 | AF12: 0 | AG12: 0 | AH12: 0 | AI12: 0
A13: Gap junction trafficking | B13: 0 | C13: 0 | D13: 0 | E13: 0 | F13: 0 | G13: 0 | H13: 0 | I13: 0 | J13: 0 | K13: 0 | L13: 0 | M13: 0 | N13: 0 | O13: 0 | P13: 1 | Q13: 0 | R13: 0 | S13: 0 | T13: 0 | U13: 0 | V13: 0 | W13: 0 | X13: 0 | Y13: 0 | Z13: 0 | AA13: 0 | AB13: 0 | AC13: 0 | AD13: 0 | AE13: 0 | AF13: 0 | AG13: 0 | AH13: 0 | AI13: 0
A14: Regulation of gap junction activity | B14: 0 | C14: 0 | D14: 0 | E14: 0 | F14: 0 | G14: 0 | H14: 0 | I14: 0 | J14: 0 | K14: 0 | L14: 0 | M14: 0 | N14: 0 | O14: 0 | P14: 1 | Q14: 0 | R14: 0 | S14: 0 | T14: 0 | U14: 0 | V14: 0 | W14: 0 | X14: 0 | Y14: 0 | Z14: 0 | AA14: 0 | AB14: 0 | AC14: 0 | AD14: 0 | AE14: 0 | AF14: 0 | AG14: 0 | AH14: 0 | AI14: 0
... A40: Vesicle-mediated transport | B40: 0 | C40: 0 | D40: 0 | E40: 0 | F40: 0 | G40: 0 | H40: 0 | I40: 0 | J40: 0 | K40: 0 | L40: 0 | M40: 0 | N40: 0 | O40: 0 | P40: 1 | Q40: 0 | R40: 0 | S40: 0 | T40: 0 | U40: 0 | V40: 0 | W40: 0 | X40: 0 | Y40: 0 | Z40: 0 | AA40: 0 | AB40: 0 | AC40: 0 | AD40: 0 | AE40: 0 | AF40: 0 | AG40: 0 | AH40: 0 | AI40: 0

Sheet Metabolism of RNA
A1: Back to main page
A2: group | B2: ALTERS CELL PROLIFERATION AND CELL DEATH | C2: MODULATES NUCLEAR RECEPTOR-MEDIATED EFFECTS | D2: INDUCES OXIDATIVE STRESS | E2: CAUSES INFLAMMATION | F2: INDUCES EPIGENETIC ALTERATIONS | G2: ALTERS SIGNAL TRANSDUCTION | H2: CAUSES MITOCHONDRIAL DYSFUNCTION | I2: IS GENOTOXIC | J2: IS METABOLICALLY ACTIVATED OR REACTIVE | K2: ALTERS CELL-CELL INTERACTIONS AND COMMUNICATION | L2: DISRUPTS CELLULAR CYTOSKELETON | M2: IS IMMUNOSUPPRESSIVE | N2: ALTERS PRODUCTION OF HORMONE | O2: DISRUPTS LIPID AND PROTEIN METABOLISM OR CAUSES DYSLIPIDEMIA | P2: DISRUPTS TRANSPORT FUNCTION | Q2: ALTERS GERM CELL DEVELOPMENT, FUNCTION, OR DEATH | R2: AFFECTS ANTIGEN PROCESSING AND PRESENTATION | S2: ALTERS DNA REPAIR OR CAUSES GENOMIC INSTABILITY | T2: ALTERS EFFECTOR FUNCTION OF SPECIFIC CELL TYPES | U2: ALTERS HEMOSTASIS | V2: ALTERS HORMONE DISTRIBUTION OR CIRCULATING HORMONE LEVELS | W2: ALTERS HORMONE METABOLISM OR CLEARANCE | X2: ALTERS IMMUNE CELL SIGNALING | Y2: ALTERS IMMUNE CELL TRAFFICKING | Z2: BREAKS DOWN IMMUNE TOLERANCE | AA2: ACTIVATES STRESS SIGNALING PATHWAYS | AB2: CAUSES CHOLESTASIS | AC2: CAUSES IMMORTALIZATION | AD2: CAUSES LIVER FIBROSIS | AE2: IMPACTS ENDOTHELIAL AND VASCULAR FUNCTION | AF2: IMPAIRS CARDIAC CONTRACTILITY AND RELAXATION | AG2: IMPAIRS REGULATION OF CARDIAC EXCITABILITY | AH2: MODIFIES AUTONOMIC NERVOUS SYSTEM ACTIVITY | AI2: MODIFIES CELLULAR DIFFERENTIATION
A3: Metabolism of non-coding RNA | B3: 0 | C3: 0 | D3: 0 | E3: 0 | F3: 1 | G3: 0 | H3: 0 | I3: 0 | J3: 0 | K3: 0 | L3: 0 | M3: 0 | N3: 0 | O3: 0 | P3: 0 | Q3: 0 | R3: 0 | S3: 0 | T3: 0 | U3: 0 | V3: 0 | W3: 0 | X3: 0 | Y3: 0 | Z3: 0 | AA3: 0 | AB3: 0 | AC3: 0 | AD3: 0 | AE3: 0 | AF3: 0 | AG3: 0 | AH3: 0 | AI3: 0
A4: Insulin-like Growth Factor-2 mRNA Binding Proteins (IGF2BPs/IMPs/VICKZs) bind RNA | B4: 0 | C4: 0 | D4: 0 | E4: 0 | F4: 0 | G4: 0 | H4: 0 | I4: 0 | J4: 0 | K4: 0 | L4: 0 | M4: 0 | N4: 0 | O4: 0 | P4: 0 | Q4: 0 | R4: 0 | S4: 0 | T4: 0 | U4: 0 | V4: 0 | W4: 0 | X4: 0 | Y4: 0 | Z4: 0 | AA4: 0 | AB4: 0 | AC4: 0 | AD4: 0 | AE4: 0 | AF4: 0 | AG4: 0 | AH4: 0 | AI4: 0
A5: Deadenylation-dependent mRNA decay | B5: 0 | C5: 0 | D5: 0 | E5: 0 | F5: 0 | G5: 0 | H5: 0 | I5: 0 | J5: 0 | K5: 0 | L5: 0 | M5: 0 | N5: 0 | O5: 0 | P5: 0 | Q5: 0 | R5: 0 | S5: 0 | T5: 0 | U5: 0 | V5: 0 | W5: 0 | X5: 0 | Y5: 0 | Z5: 0 | AA5: 0 | AB5: 0 | AC5: 0 | AD5: 0 | AE5: 0 | AF5: 0 | AG5: 0 | AH5: 0 | AI5: 0
A6: Regulation of mRNA stability by proteins that bind AU-rich elements | B6: 0 | C6: 0 | D6: 0 | E6: 0 | F6: 0 | G6: 0 | H6: 0 | I6: 0 | J6: 0 | K6: 0 | L6: 0 | M6: 0 | N6: 0 | O6: 0 | P6: 0 | Q6: 0 | R6: 0 | S6: 0 | T6: 0 | U6: 0 | V6: 0 | W6: 0 | X6: 0 | Y6: 0 | Z6: 0 | AA6: 0 | AB6: 0 | AC6: 0 | AD6: 0 | AE6: 0 | AF6: 0 | AG6: 0 | AH6: 0 | AI6: 0
A7: mRNA Capping | B7: 0 | C7: 0 | D7: 0 | E7: 0 | F7: 0 | G7: 0 | H7: 0 | I7: 0 | J7: 0 | K7: 0 | L7: 0 | M7: 0 | N7: 0 | O7: 0 | P7: 0 | Q7: 0 | R7: 0 | S7: 0 | T7: 0 | U7: 0 | V7: 0 | W7: 0 | X7: 0 | Y7: 0 | Z7: 0 | AA7: 0 | AB7: 0 | AC7: 0 | AD7: 0 | AE7: 0 | AF7: 0 | AG7: 0 | AH7: 0 | AI7: 0
A8: Processing of Capped Intron-Containing Pre-mRNA | B8: 0 | C8: 0 | D8: 0 | E8: 0 | F8: 0 | G8: 0 | H8: 0 | I8: 0 | J8: 0 | K8: 0 | L8: 0 | M8: 0 | N8: 0 | O8: 0 | P8: 0 | Q8: 0 | R8: 0 | S8: 0 | T8: 0 | U8: 0 | V8: 0 | W8: 0 | X8: 0 | Y8: 0 | Z8: 0 | AA8: 0 | AB8: 0 | AC8: 0 | AD8: 0 | AE8: 0 | AF8: 0 | AG8: 0 | AH8: 0 | AI8: 0
A9: tRNA processing | B9: 0 | C9: 0 | D9: 0 | E9: 0 | F9: 0 | G9: 0 | H9: 0 | I9: 0 | J9: 0 | K9: 0 | L9: 0 | M9: 0 | N9: 0 | O9: 0 | P9: 0 | Q9: 0 | R9: 0 | S9: 0 | T9: 0 | U9: 0 | V9: 0 | W9: 0 | X9: 0 | Y9: 0 | Z9: 0 | AA9: 0 | AB9: 0 | AC9: 0 | AD9: 0 | AE9: 0 | AF9: 0 | AG9: 0 | AH9: 0 | AI9: 0
A10: rRNA processing | B10: 0 | C10: 0 | D10: 0 | E10: 0 | F10: 0 | G10: 0 | H10: 0 | I10: 0 | J10: 0 | K10: 0 | L10: 0 | M10: 0 | N10: 0 | O10: 0 | P10: 0 | Q10: 0 | R10: 0 | S10: 0 | T10: 0 | U10: 0 | V10: 0 | W10: 0 | X10: 0 | Y10: 0 | Z10: 0 | AA10: 0 | AB10: 0 | AC10: 0 | AD10: 0 | AE10: 0 | AF10: 0 | AG10: 0 | AH10: 0 | AI10: 0
A11: Processing of Capped Intronless Pre-mRNA | B11: 0 | C11: 0 | D11: 0 | E11: 0 | F11: 0 | G11: 0 | H11: 0 | I11: 0 | J11: 0 | K11: 0 | L11: 0 | M11: 0 | N11: 0 | O11: 0 | P11: 0 | Q11: 0 | R11: 0 | S11: 0 | T11: 0 | U11: 0 | V11: 0 | W11: 0 | X11: 0 | Y11: 0 | Z11: 0 | AA11: 0 | AB11: 0 | AC11: 0 | AD11: 0 | AE11: 0 | AF11: 0 | AG11: 0 | AH11: 0 | AI11: 0
A12: mRNA Editing | B12: 0 | C12: 0 | D12: 0 | E12: 0 | F12: 0 | G12: 0 | H12: 0 | I12: 0 | J12: 0 | K12: 0 | L12: 0 | M12: 0 | N12: 0 | O12: 0 | P12: 0 | Q12: 0 | R12: 0 | S12: 0 | T12: 0 | U12: 0 | V12: 0 | W12: 0 | X12: 0 | Y12: 0 | Z12: 0 | AA12: 0 | AB12: 0 | AC12: 0 | AD12: 0 | AE12: 0 | AF12: 0 | AG12: 0 | AH12: 0 | AI12: 0
A13: Nonsense-Mediated Decay (NMD) | B13: 0 | C13: 0 | D13: 0 | E13: 0 | F13: 0 | G13: 0 | H13: 0 | I13: 0 | J13: 0 | K13: 0 | L13: 0 | M13: 0 | N13: 0 | O13: 0 | P13: 0 | Q13: 0 | R13: 0 | S13: 0 | T13: 0 | U13: 0 | V13: 0 | W13: 0 | X13: 0 | Y13: 0 | Z13: 0 | AA13: 0 | AB13: 0 | AC13: 0 | AD13: 0 | AE13: 0 | AF13: 0 | AG13: 0 | AH13: 0 | AI13: 0
A14: Mitochondrial RNA degradation | B14: 0 | C14: 0 | D14: 0 | E14: 0 | F14: 0 | G14: 0 | H14: 1 | I14: 0 | J14: 0 | K14: 0 | L14: 0 | M14: 0 | N14: 0 | O14: 0 | P14: 0 | Q14: 0 | R14: 0 | S14: 0 | T14: 0 | U14: 0 | V14: 0 | W14: 0 | X14: 0 | Y14: 0 | Z14: 0 | AA14: 0 | AB14: 0 | AC14: 0 | AD14: 0 | AE14: 0 | AF14: 0 | AG14: 0 | AH14: 0 | AI14: 0
... A55: Metabolism of RNA | B55: 0 | C55: 0 | D55: 0 | E55: 0 | F55: 0 | G55: 0 | H55: 0 | I55: 0 | J55: 0 | K55: 0 | L55: 0 | M55: 0 | N55: 0 | O55: 0 | P55: 0 | Q55: 0 | R55: 0 | S55: 0 | T55: 0 | U55: 0 | V55: 0 | W55: 0 | X55: 0 | Y55: 0 | Z55: 0 | AA55: 0 | AB55: 0 | AC55: 0 | AD55: 0 | AE55: 0 | AF55: 0 | AG55: 0 | AH55: 0 | AI55: 0

Sheet DNA Replication
A1: Back to main page
A2: group | B2: ALTERS CELL PROLIFERATION AND CELL DEATH | C2: MODULATES NUCLEAR RECEPTOR-MEDIATED EFFECTS | D2: INDUCES OXIDATIVE STRESS | E2: CAUSES INFLAMMATION | F2: INDUCES EPIGENETIC ALTERATIONS | G2: ALTERS SIGNAL TRANSDUCTION | H2: CAUSES MITOCHONDRIAL DYSFUNCTION | I2: IS GENOTOXIC | J2: IS METABOLICALLY ACTIVATED OR REACTIVE | K2: ALTERS CELL-CELL INTERACTIONS AND COMMUNICATION | L2: DISRUPTS CELLULAR CYTOSKELETON | M2: IS IMMUNOSUPPRESSIVE | N2: ALTERS PRODUCTION OF HORMONE | O2: DISRUPTS LIPID AND PROTEIN METABOLISM OR CAUSES DYSLIPIDEMIA | P2: DISRUPTS TRANSPORT FUNCTION | Q2: ALTERS GERM CELL DEVELOPMENT, FUNCTION, OR DEATH | R2: AFFECTS ANTIGEN PROCESSING AND PRESENTATION | S2: ALTERS DNA REPAIR OR CAUSES GENOMIC INSTABILITY | T2: ALTERS EFFECTOR FUNCTION OF SPECIFIC CELL TYPES | U2: ALTERS HEMOSTASIS | V2: ALTERS HORMONE DISTRIBUTION OR CIRCULATING HORMONE LEVELS | W2: ALTERS HORMONE METABOLISM OR CLEARANCE | X2: ALTERS IMMUNE CELL SIGNALING | Y2: ALTERS IMMUNE CELL TRAFFICKING | Z2: BREAKS DOWN IMMUNE TOLERANCE | AA2: ACTIVATES STRESS SIGNALING PATHWAYS | AB2: CAUSES CHOLESTASIS | AC2: CAUSES IMMORTALIZATION | AD2: CAUSES LIVER FIBROSIS | AE2: IMPACTS ENDOTHELIAL AND VASCULAR FUNCTION | AF2: IMPAIRS CARDIAC CONTRACTILITY AND RELAXATION | AG2: IMPAIRS REGULATION OF CARDIAC EXCITABILITY | AH2: MODIFIES AUTONOMIC NERVOUS SYSTEM ACTIVITY | AI2: MODIFIES CELLULAR DIFFERENTIATION
A3: DNA Replication Pre-Initiation | B3: 1 | C3: 0 | D3: 0 | E3: 0 | F3: 0 | G3: 0 | H3: 0 | I3: 0 | J3: 0 | K3: 0 | L3: 0 | M3: 0 | N3: 0 | O3: 0 | P3: 0 | Q3: 0 | R3: 0 | S3: 0 | T3: 0 | U3: 0 | V3: 0 | W3: 0 | X3: 0 | Y3: 0 | Z3: 0 | AA3: 0 | AB3: 0 | AC3: 0 | AD3: 0 | AE3: 0 | AF3: 0 | AG3: 0 | AH3: 0 | AI3: 0
A4: Synthesis of DNA | B4: 1 | C4: 0 | D4: 0 | E4: 0 | F4: 0 | G4: 0 | H4: 0 | I4: 0 | J4: 0 | K4: 0 | L4: 0 | M4: 0 | N4: 0 | O4: 0 | P4: 0 | Q4: 0 | R4: 0 | S4: 0 | T4: 0 | U4: 0 | V4: 0 | W4: 0 | X4: 0 | Y4: 0 | Z4: 0 | AA4: 0 | AB4: 0 | AC4: 0 | AD4: 0 | AE4: 0 | AF4: 0 | AG4: 0 | AH4: 0 | AI4: 0
A5: Assembly of the pre-replicative complex | B5: 1 | C5: 0 | D5: 0 | E5: 0 | F5: 0 | G5: 0 | H5: 0 | I5: 0 | J5: 0 | K5: 0 | L5: 0 | M5: 0 | N5: 0 | O5: 0 | P5: 0 | Q5: 0 | R5: 0 | S5: 0 | T5: 0 | U5: 0 | V5: 0 | W5: 0 | X5: 0 | Y5: 0 | Z5: 0 | AA5: 0 | AB5: 0 | AC5: 0 | AD5: 0 | AE5: 0 | AF5: 0 | AG5: 0 | AH5: 0 | AI5: 0
A6: Activation of the pre-replicative complex | B6: 1 | C6: 0 | D6: 0 | E6: 0 | F6: 0 | G6: 0 | H6: 0 | I6: 0 | J6: 0 | K6: 0 | L6: 0 | M6: 0 | N6: 0 | O6: 0 | P6: 0 | Q6: 0 | R6: 0 | S6: 0 | T6: 0 | U6: 0 | V6: 0 | W6: 0 | X6: 0 | Y6: 0 | Z6: 0 | AA6: 0 | AB6: 0 | AC6: 0 | AD6: 0 | AE6: 0 | AF6: 0 | AG6: 0 | AH6: 0 | AI6: 0
A7: Assembly of the ORC complex at the origin of replication | B7: 1 | C7: 0 | D7: 0 | E7: 0 | F7: 0 | G7: 0 | H7: 0 | I7: 0 | J7: 0 | K7: 0 | L7: 0 | M7: 0 | N7: 0 | O7: 0 | P7: 0 | Q7: 0 | R7: 0 | S7: 0 | T7: 0 | U7: 0 | V7: 0 | W7: 0 | X7: 0 | Y7: 0 | Z7: 0 | AA7: 0 | AB7: 0 | AC7: 0 | AD7: 0 | AE7: 0 | AF7: 0 | AG7: 0 | AH7: 0 | AI7: 0
A8: CDC6 association with the ORC:origin complex | B8: 1 | C8: 0 | D8: 0 | E8: 0 | F8: 0 | G8: 0 | H8: 0 | I8: 0 | J8: 0 | K8: 0 | L8: 0 | M8: 0 | N8: 0 | O8: 0 | P8: 0 | Q8: 0 | R8: 0 | S8: 0 | T8: 0 | U8: 0 | V8: 0 | W8: 0 | X8: 0 | Y8: 0 | Z8: 0 | AA8: 0 | AB8: 0 | AC8: 0 | AD8: 0 | AE8: 0 | AF8: 0 | AG8: 0 | AH8: 0 | AI8: 0
A9: DNA replication initiation | B9: 1 | C9: 0 | D9: 0 | E9: 0 | F9: 0 | G9: 0 | H9: 0 | I9: 0 | J9: 0 | K9: 0 | L9: 0 | M9: 0 | N9: 0 | O9: 0 | P9: 0 | Q9: 0 | R9: 0 | S9: 0 | T9: 0 | U9: 0 | V9: 0 | W9: 0 | X9: 0 | Y9: 0 | Z9: 0 | AA9: 0 | AB9: 0 | AC9: 0 | AD9: 0 | AE9: 0 | AF9: 0 | AG9: 0 | AH9: 0 | AI9: 0
A10: Switching of origins to a post-replicative state | B10: 1 | C10: 0 | D10: 0 | E10: 0 | F10: 0 | G10: 0 | H10: 0 | I10: 0 | J10: 0 | K10: 0 | L10: 0 | M10: 0 | N10: 0 | O10: 0 | P10: 0 | Q10: 0 | R10: 0 | S10: 0 | T10: 0 | U10: 0 | V10: 0 | W10: 0 | X10: 0 | Y10: 0 | Z10: 0 | AA10: 0 | AB10: 0 | AC10: 0 | AD10: 0 | AE10: 0 | AF10: 0 | AG10: 0 | AH10: 0 | AI10: 0
A11: DNA strand elongation | B11: 1 | C11: 0 | D11: 0 | E11: 0 | F11: 0 | G11: 0 | H11: 0 | I11: 0 | J11: 0 | K11: 0 | L11: 0 | M11: 0 | N11: 0 | O11: 0 | P11: 0 | Q11: 0 | R11: 0 | S11: 0 | T11: 0 | U11: 0 | V11: 0 | W11: 0 | X11: 0 | Y11: 0 | Z11: 0 | AA11: 0 | AB11: 0 | AC11: 0 | AD11: 0 | AE11: 0 | AF11: 0 | AG11: 0 | AH11: 0 | AI11: 0
A12: Orc1 removal from chromatin | B12: 1 | C12: 0 | D12: 0 | E12: 0 | F12: 0 | G12: 0 | H12: 0 | I12: 0 | J12: 0 | K12: 0 | L12: 0 | M12: 0 | N12: 0 | O12: 0 | P12: 0 | Q12: 0 | R12: 0 | S12: 0 | T12: 0 | U12: 0 | V12: 0 | W12: 0 | X12: 0 | Y12: 0 | Z12: 0 | AA12: 0 | AB12: 0 | AC12: 0 | AD12: 0 | AE12: 0 | AF12: 0 | AG12: 0 | AH12: 0 | AI12: 0
A13: CDK-mediated phosphorylation and removal of Cdc6 | B13: 1 | C13: 0 | D13: 0 | E13: 0 | F13: 0 | G13: 0 | H13: 0 | I13: 0 | J13: 0 | K13: 0 | L13: 0 | M13: 0 | N13: 0 | O13: 0 | P13: 0 | Q13: 0 | R13: 0 | S13: 0 | T13: 0 | U13: 0 | V13: 0 | W13: 0 | X13: 0 | Y13: 0 | Z13: 0 | AA13: 0 | AB13: 0 | AC13: 0 | AD13: 0 | AE13: 0 | AF13: 0 | AG13: 0 | AH13: 0 | AI13: 0
A14: Unwinding of DNA | B14: 1 | C14: 0 | D14: 0 | E14: 0 | F14: 0 | G14: 0 | H14: 0 | I14: 0 | J14: 0 | K14: 0 | L14: 0 | M14: 0 | N14: 0 | O14: 0 | P14: 0 | Q14: 0 | R14: 0 | S14: 0 | T14: 0 | U14: 0 | V14: 0 | W14: 0 | X14: 0 | Y14: 0 | Z14: 0 | AA14: 0 | AB14: 0 | AC14: 0 | AD14: 0 | AE14: 0 | AF14: 0 | AG14: 0 | AH14: 0 | AI14: 0
... A20: DNA Replication | B20: 1 | C20: 0 | D20: 0 | E20: 0 | F20: 0 | G20: 0 | H20: 0 | I20: 0 | J20: 0 | K20: 0 | L20: 0 | M20: 0 | N20: 0 | O20: 0 | P20: 0 | Q20: 0 | R20: 0 | S20: 0 | T20: 0 | U20: 0 | V20: 0 | W20: 0 | X20: 0 | Y20: 0 | Z20: 0 | AA20: 0 | AB20: 0 | AC20: 0 | AD20: 0 | AE20: 0 | AF20: 0 | AG20: 0 | AH20: 0 | AI20: 0

Sheet Sensory Perception
A1: Back to main page
A2: group | B2: ALTERS CELL PROLIFERATION AND CELL DEATH | C2: MODULATES NUCLEAR RECEPTOR-MEDIATED EFFECTS | D2: INDUCES OXIDATIVE STRESS | E2: CAUSES INFLAMMATION | F2: INDUCES EPIGENETIC ALTERATIONS | G2: ALTERS SIGNAL TRANSDUCTION | H2: CAUSES MITOCHONDRIAL DYSFUNCTION | I2: IS GENOTOXIC | J2: IS METABOLICALLY ACTIVATED OR REACTIVE | K2: ALTERS CELL-CELL INTERACTIONS AND COMMUNICATION | L2: DISRUPTS CELLULAR CYTOSKELETON | M2: IS IMMUNOSUPPRESSIVE | N2: ALTERS PRODUCTION OF HORMONE | O2: DISRUPTS LIPID AND PROTEIN METABOLISM OR CAUSES DYSLIPIDEMIA | P2: DISRUPTS TRANSPORT FUNCTION | Q2: ALTERS GERM CELL DEVELOPMENT, FUNCTION, OR DEATH | R2: AFFECTS ANTIGEN PROCESSING AND PRESENTATION | S2: ALTERS DNA REPAIR OR CAUSES GENOMIC INSTABILITY | T2: ALTERS EFFECTOR FUNCTION OF SPECIFIC CELL TYPES | U2: ALTERS HEMOSTASIS | V2: ALTERS HORMONE DISTRIBUTION OR CIRCULATING HORMONE LEVELS | W2: ALTERS HORMONE METABOLISM OR CLEARANCE | X2: ALTERS IMMUNE CELL SIGNALING | Y2: ALTERS IMMUNE CELL TRAFFICKING | Z2: BREAKS DOWN IMMUNE TOLERANCE | AA2: ACTIVATES STRESS SIGNALING PATHWAYS | AB2: CAUSES CHOLESTASIS | AC2: CAUSES IMMORTALIZATION | AD2: CAUSES LIVER FIBROSIS | AE2: IMPACTS ENDOTHELIAL AND VASCULAR FUNCTION | AF2: IMPAIRS CARDIAC CONTRACTILITY AND RELAXATION | AG2: IMPAIRS REGULATION OF CARDIAC EXCITABILITY | AH2: MODIFIES AUTONOMIC NERVOUS SYSTEM ACTIVITY | AI2: MODIFIES CELLULAR DIFFERENTIATION
A3: Visual phototransduction | B3: 0 | C3: 0 | D3: 0 | E3: 0 | F3: 0 | G3: 0 | H3: 0 | I3: 0 | J3: 0 | K3: 0 | L3: 0 | M3: 0 | N3: 0 | O3: 0 | P3: 0 | Q3: 0 | R3: 0 | S3: 0 | T3: 0 | U3: 0 | V3: 0 | W3: 0 | X3: 0 | Y3: 0 | Z3: 0 | AA3: 0 | AB3: 0 | AC3: 0 | AD3: 0 | AE3: 0 | AF3: 0 | AG3: 0 | AH3: 0 | AI3: 0
A4: Olfactory Signaling Pathway | B4: 0 | C4: 0 | D4: 0 | E4: 0 | F4: 0 | G4: 0 | H4: 0 | I4: 0 | J4: 0 | K4: 0 | L4: 0 | M4: 0 | N4: 0 | O4: 0 | P4: 0 | Q4: 0 | R4: 0 | S4: 0 | T4: 0 | U4: 0 | V4: 0 | W4: 0 | X4: 0 | Y4: 0 | Z4: 0 | AA4: 0 | AB4: 0 | AC4: 0 | AD4: 0 | AE4: 0 | AF4: 0 | AG4: 0 | AH4: 0 | AI4: 0
A5: Sensory processing of sound | B5: 0 | C5: 0 | D5: 0 | E5: 0 | F5: 0 | G5: 0 | H5: 0 | I5: 0 | J5: 0 | K5: 0 | L5: 0 | M5: 0 | N5: 0 | O5: 0 | P5: 0 | Q5: 0 | R5: 0 | S5: 0 | T5: 0 | U5: 0 | V5: 0 | W5: 0 | X5: 0 | Y5: 0 | Z5: 0 | AA5: 0 | AB5: 0 | AC5: 0 | AD5: 0 | AE5: 0 | AF5: 0 | AG5: 0 | AH5: 0 | AI5: 0
A6: Sensory perception of taste | B6: 0 | C6: 0 | D6: 0 | E6: 0 | F6: 0 | G6: 0 | H6: 0 | I6: 0 | J6: 0 | K6: 0 | L6: 0 | M6: 0 | N6: 0 | O6: 0 | P6: 0 | Q6: 0 | R6: 0 | S6: 0 | T6: 0 | U6: 0 | V6: 0 | W6: 0 | X6: 0 | Y6: 0 | Z6: 0 | AA6: 0 | AB6: 0 | AC6: 0 | AD6: 0 | AE6: 0 | AF6: 0 | AG6: 0 | AH6: 0 | AI6: 0
A7: The retinoid cycle in cones (daylight vision) | B7: 0 | C7: 0 | D7: 0 | E7: 0 | F7: 0 | G7: 0 | H7: 0 | I7: 0 | J7: 0 | K7: 0 | L7: 0 | M7: 0 | N7: 0 | O7: 0 | P7: 0 | Q7: 0 | R7: 0 | S7: 0 | T7: 0 | U7: 0 | V7: 0 | W7: 0 | X7: 0 | Y7: 0 | Z7: 0 | AA7: 0 | AB7: 0 | AC7: 0 | AD7: 0 | AE7: 0 | AF7: 0 | AG7: 0 | AH7: 0 | AI7: 0
A8: The canonical retinoid cycle in rods (twilight vision) | B8: 0 | C8: 0 | D8: 0 | E8: 0 | F8: 0 | G8: 0 | H8: 0 | I8: 0 | J8: 0 | K8: 0 | L8: 0 | M8: 0 | N8: 0 | O8: 0 | P8: 0 | Q8: 0 | R8: 0 | S8: 0 | T8: 0 | U8: 0 | V8: 0 | W8: 0 | X8: 0 | Y8: 0 | Z8: 0 | AA8: 0 | AB8: 0 | AC8: 0 | AD8: 0 | AE8: 0 | AF8: 0 | AG8: 0 | AH8: 0 | AI8: 0
A9: The phototransduction cascade | B9: 0 | C9: 0 | D9: 0 | E9: 0 | F9: 0 | G9: 0 | H9: 0 | I9: 0 | J9: 0 | K9: 0 | L9: 0 | M9: 0 | N9: 0 | O9: 0 | P9: 0 | Q9: 0 | R9: 0 | S9: 0 | T9: 0 | U9: 0 | V9: 0 | W9: 0 | X9: 0 | Y9: 0 | Z9: 0 | AA9: 0 | AB9: 0 | AC9: 0 | AD9: 0 | AE9: 0 | AF9: 0 | AG9: 0 | AH9: 0 | AI9: 0
A10: Retinoid metabolism and transport | B10: 0 | C10: 0 | D10: 0 | E10: 0 | F10: 0 | G10: 0 | H10: 0 | I10: 0 | J10: 0 | K10: 0 | L10: 0 | M10: 0 | N10: 0 | O10: 0 | P10: 0 | Q10: 0 | R10: 0 | S10: 0 | T10: 0 | U10: 0 | V10: 0 | W10: 0 | X10: 0 | Y10: 0 | Z10: 0 | AA10: 0 | AB10: 0 | AC10: 0 | AD10: 0 | AE10: 0 | AF10: 0 | AG10: 0 | AH10: 0 | AI10: 0
A11: Biosynthesis of A2E, implicated in retinal degradation | B11: 0 | C11: 0 | D11: 0 | E11: 0 | F11: 0 | G11: 0 | H11: 0 | I11: 0 | J11: 0 | K11: 0 | L11: 0 | M11: 0 | N11: 0 | O11: 0 | P11: 0 | Q11: 0 | R11: 0 | S11: 0 | T11: 0 | U11: 0 | V11: 0 | W11: 0 | X11: 0 | Y11: 0 | Z11: 0 | AA11: 0 | AB11: 0 | AC11: 0 | AD11: 0 | AE11: 0 | AF11: 0 | AG11: 0 | AH11: 0 | AI11: 0
A12: Activation of the phototransduction cascade | B12: 0 | C12: 0 | D12: 0 | E12: 0 | F12: 0 | G12: 0 | H12: 0 | I12: 0 | J12: 0 | K12: 0 | L12: 0 | M12: 0 | N12: 0 | O12: 0 | P12: 0 | Q12: 0 | R12: 0 | S12: 0 | T12: 0 | U12: 0 | V12: 0 | W12: 0 | X12: 0 | Y12: 0 | Z12: 0 | AA12: 0 | AB12: 0 | AC12: 0 | AD12: 0 | AE12: 0 | AF12: 0 | AG12: 0 | AH12: 0 | AI12: 0
A13: Inactivation, recovery and regulation of the phototransduction cascade | B13: 0 | C13: 0 | D13: 0 | E13: 0 | F13: 0 | G13: 0 | H13: 0 | I13: 0 | J13: 0 | K13: 0 | L13: 0 | M13: 0 | N13: 0 | O13: 0 | P13: 0 | Q13: 0 | R13: 0 | S13: 0 | T13: 0 | U13: 0 | V13: 0 | W13: 0 | X13: 0 | Y13: 0 | Z13: 0 | AA13: 0 | AB13: 0 | AC13: 0 | AD13: 0 | AE13: 0 | AF13: 0 | AG13: 0 | AH13: 0 | AI13: 0
A14: Expression and translocation of olfactory receptors | B14: 0 | C14: 0 | D14: 0 | E14: 0 | F14: 0 | G14: 0 | H14: 0 | I14: 0 | J14: 0 | K14: 0 | L14: 0 | M14: 0 | N14: 0 | O14: 0 | P14: 0 | Q14: 0 | R14: 0 | S14: 0 | T14: 0 | U14: 0 | V14: 0 | W14: 0 | X14: 0 | Y14: 0 | Z14: 0 | AA14: 0 | AB14: 0 | AC14: 0 | AD14: 0 | AE14: 0 | AF14: 0 | AG14: 0 | AH14: 0 | AI14: 0
... A21: Sensory perception | B21: 0 | C21: 0 | D21: 0 | E21: 0 | F21: 0 | G21: 0 | H21: 0 | I21: 0 | J21: 0 | K21: 0 | L21: 0 | M21: 0 | N21: 0 | O21: 0 | P21: 0 | Q21: 0 | R21: 0 | S21: 0 | T21: 0 | U21: 0 | V21: 0 | W21: 0 | X21: 0 | Y21: 0 | Z21: 0 | AA21: 0 | AB21: 0 | AC21: 0 | AD21: 0 | AE21: 0 | AF21: 0 | AG21: 0 | AH21: 0 | AI21: 0

Sheet Extracellular matrix organizati
A1: Back to main page
A2: group | B2: ALTERS CELL PROLIFERATION AND CELL DEATH | C2: MODULATES NUCLEAR RECEPTOR-MEDIATED EFFECTS | D2: INDUCES OXIDATIVE STRESS | E2: CAUSES INFLAMMATION | F2: INDUCES EPIGENETIC ALTERATIONS | G2: ALTERS SIGNAL TRANSDUCTION | H2: CAUSES MITOCHONDRIAL DYSFUNCTION | I2: IS GENOTOXIC | J2: IS METABOLICALLY ACTIVATED OR REACTIVE | K2: ALTERS CELL-CELL INTERACTIONS AND COMMUNICATION | L2: DISRUPTS CELLULAR CYTOSKELETON | M2: IS IMMUNOSUPPRESSIVE | N2: ALTERS PRODUCTION OF HORMONE | O2: DISRUPTS LIPID AND PROTEIN METABOLISM OR CAUSES DYSLIPIDEMIA | P2: DISRUPTS TRANSPORT FUNCTION | Q2: ALTERS GERM CELL DEVELOPMENT, FUNCTION, OR DEATH | R2: AFFECTS ANTIGEN PROCESSING AND PRESENTATION | S2: ALTERS DNA REPAIR OR CAUSES GENOMIC INSTABILITY | T2: ALTERS EFFECTOR FUNCTION OF SPECIFIC CELL TYPES | U2: ALTERS HEMOSTASIS | V2: ALTERS HORMONE DISTRIBUTION OR CIRCULATING HORMONE LEVELS | W2: ALTERS HORMONE METABOLISM OR CLEARANCE | X2: ALTERS IMMUNE CELL SIGNALING | Y2: ALTERS IMMUNE CELL TRAFFICKING | Z2: BREAKS DOWN IMMUNE TOLERANCE | AA2: ACTIVATES STRESS SIGNALING PATHWAYS | AB2: CAUSES CHOLESTASIS | AC2: CAUSES IMMORTALIZATION | AD2: CAUSES LIVER FIBROSIS | AE2: IMPACTS ENDOTHELIAL AND VASCULAR FUNCTION | AF2: IMPAIRS CARDIAC CONTRACTILITY AND RELAXATION | AG2: IMPAIRS REGULATION OF CARDIAC EXCITABILITY | AH2: MODIFIES AUTONOMIC NERVOUS SYSTEM ACTIVITY | AI2: MODIFIES CELLULAR DIFFERENTIATION
A3: Degradation of the extracellular matrix | B3: 0 | C3: 0 | D3: 0 | E3: 0 | F3: 0 | G3: 0 | H3: 0 | I3: 0 | J3: 0 | K3: 1 | L3: 0 | M3: 0 | N3: 0 | O3: 0 | P3: 0 | Q3: 0 | R3: 0 | S3: 0 | T3: 0 | U3: 0 | V3: 0 | W3: 0 | X3: 0 | Y3: 0 | Z3: 0 | AA3: 0 | AB3: 0 | AC3: 0 | AD3: 0 | AE3: 0 | AF3: 0 | AG3: 0 | AH3: 0 | AI3: 0
A4: Collagen formation | B4: 0 | C4: 0 | D4: 0 | E4: 0 | F4: 0 | G4: 0 | H4: 0 | I4: 0 | J4: 0 | K4: 0 | L4: 0 | M4: 0 | N4: 0 | O4: 0 | P4: 0 | Q4: 0 | R4: 0 | S4: 0 | T4: 0 | U4: 0 | V4: 0 | W4: 0 | X4: 0 | Y4: 0 | Z4: 0 | AA4: 0 | AB4: 0 | AC4: 0 | AD4: 1 | AE4: 0 | AF4: 0 | AG4: 0 | AH4: 0 | AI4: 0
A5: Elastic fibre formation | B5: 0 | C5: 0 | D5: 0 | E5: 0 | F5: 0 | G5: 0 | H5: 0 | I5: 0 | J5: 0 | K5: 0 | L5: 0 | M5: 0 | N5: 0 | O5: 0 | P5: 0 | Q5: 0 | R5: 0 | S5: 0 | T5: 0 | U5: 0 | V5: 0 | W5: 0 | X5: 0 | Y5: 0 | Z5: 0 | AA5: 0 | AB5: 0 | AC5: 0 | AD5: 0 | AE5: 0 | AF5: 0 | AG5: 0 | AH5: 0 | AI5: 0
A6: Fibronectin matrix formation | B6: 0 | C6: 0 | D6: 0 | E6: 0 | F6: 0 | G6: 0 | H6: 0 | I6: 0 | J6: 0 | K6: 0 | L6: 0 | M6: 0 | N6: 0 | O6: 0 | P6: 0 | Q6: 0 | R6: 0 | S6: 0 | T6: 0 | U6: 0 | V6: 0 | W6: 0 | X6: 0 | Y6: 0 | Z6: 0 | AA6: 0 | AB6: 0 | AC6: 0 | AD6: 0 | AE6: 0 | AF6: 0 | AG6: 0 | AH6: 0 | AI6: 0
A7: Integrin cell surface interactions | B7: 0 | C7: 0 | D7: 0 | E7: 0 | F7: 0 | G7: 0 | H7: 0 | I7: 0 | J7: 0 | K7: 1 | L7: 0 | M7: 0 | N7: 0 | O7: 0 | P7: 0 | Q7: 0 | R7: 0 | S7: 0 | T7: 0 | U7: 0 | V7: 0 | W7: 0 | X7: 0 | Y7: 0 | Z7: 0 | AA7: 0 | AB7: 0 | AC7: 0 | AD7: 0 | AE7: 0 | AF7: 0 | AG7: 0 | AH7: 0 | AI7: 0
A8: Laminin interactions | B8: 0 | C8: 0 | D8: 0 | E8: 0 | F8: 0 | G8: 0 | H8: 0 | I8: 0 | J8: 0 | K8: 1 | L8: 0 | M8: 0 | N8: 0 | O8: 0 | P8: 0 | Q8: 0 | R8: 0 | S8: 0 | T8: 0 | U8: 0 | V8: 0 | W8: 0 | X8: 0 | Y8: 0 | Z8: 0 | AA8: 0 | AB8: 0 | AC8: 0 | AD8: 0 | AE8: 0 | AF8: 0 | AG8: 0 | AH8: 0 | AI8: 0
A9: Non-integrin membrane-ECM interactions | B9: 0 | C9: 0 | D9: 0 | E9: 0 | F9: 0 | G9: 0 | H9: 0 | I9: 0 | J9: 0 | K9: 1 | L9: 0 | M9: 0 | N9: 0 | O9: 0 | P9: 0 | Q9: 0 | R9: 0 | S9: 0 | T9: 0 | U9: 0 | V9: 0 | W9: 0 | X9: 0 | Y9: 0 | Z9: 0 | AA9: 0 | AB9: 0 | AC9: 0 | AD9: 0 | AE9: 0 | AF9: 0 | AG9: 0 | AH9: 0 | AI9: 0
A10: ECM proteoglycans | B10: 0 | C10: 0 | D10: 0 | E10: 0 | F10: 0 | G10: 0 | H10: 0 | I10: 0 | J10: 0 | K10: 0 | L10: 0 | M10: 0 | N10: 0 | O10: 0 | P10: 0 | Q10: 0 | R10: 0 | S10: 0 | T10: 0 | U10: 0 | V10: 0 | W10: 0 | X10: 0 | Y10: 0 | Z10: 0 | AA10: 0 | AB10: 0 | AC10: 0 | AD10: 0 | AE10: 0 | AF10: 0 | AG10: 0 | AH10: 0 | AI10: 0
A11: Invadopodia formation | B11: 0 | C11: 0 | D11: 0 | E11: 0 | F11: 0 | G11: 0 | H11: 0 | I11: 0 | J11: 0 | K11: 0 | L11: 0 | M11: 0 | N11: 0 | O11: 0 | P11: 0 | Q11: 0 | R11: 0 | S11: 0 | T11: 0 | U11: 0 | V11: 0 | W11: 0 | X11: 0 | Y11: 0 | Z11: 0 | AA11: 0 | AB11: 0 | AC11: 0 | AD11: 0 | AE11: 0 | AF11: 0 | AG11: 0 | AH11: 0 | AI11: 0
A12: Collagen degradation | B12: 0 | C12: 0 | D12: 0 | E12: 0 | F12: 0 | G12: 0 | H12: 0 | I12: 0 | J12: 0 | K12: 0 | L12: 0 | M12: 0 | N12: 0 | O12: 0 | P12: 0 | Q12: 0 | R12: 0 | S12: 0 | T12: 0 | U12: 0 | V12: 0 | W12: 0 | X12: 0 | Y12: 0 | Z12: 0 | AA12: 0 | AB12: 0 | AC12: 0 | AD12: 0 | AE12: 0 | AF12: 0 | AG12: 0 | AH12: 0 | AI12: 0
A13: Activation of Matrix Metalloproteinases | B13: 0 | C13: 0 | D13: 0 | E13: 0 | F13: 0 | G13: 0 | H13: 0 | I13: 0 | J13: 0 | K13: 0 | L13: 0 | M13: 0 | N13: 0 | O13: 0 | P13: 0 | Q13: 0 | R13: 0 | S13: 0 | T13: 0 | U13: 0 | V13: 0 | W13: 0 | X13: 0 | Y13: 0 | Z13: 0 | AA13: 0 | AB13: 0 | AC13: 0 | AD13: 0 | AE13: 0 | AF13: 0 | AG13: 0 | AH13: 0 | AI13: 0
A14: Collagen biosynthesis and modifying enzymes | B14: 0 | C14: 0 | D14: 0 | E14: 0 | F14: 0 | G14: 0 | H14: 0 | I14: 0 | J14: 0 | K14: 0 | L14: 0 | M14: 0 | N14: 0 | O14: 0 | P14: 0 | Q14: 0 | R14: 0 | S14: 0 | T14: 0 | U14: 0 | V14: 0 | W14: 0 | X14: 0 | Y14: 0 | Z14: 0 | AA14: 0 | AB14: 0 | AC14: 0 | AD14: 1 | AE14: 0 | AF14: 0 | AG14: 0 | AH14: 0 | AI14: 0
... A21: Extracellular matrix organization | B21: 0 | C21: 0 | D21: 0 | E21: 0 | F21: 0 | G21: 0 | H21: 0 | I21: 0 | J21: 0 | K21: 1 | L21: 0 | M21: 0 | N21: 0 | O21: 0 | P21: 0 | Q21: 0 | R21: 0 | S21: 0 | T21: 0 | U21: 0 | V21: 0 | W21: 0 | X21: 0 | Y21: 0 | Z21: 0 | AA21: 0 | AB21: 0 | AC21: 0 | AD21: 1 | AE21: 0 | AF21: 0 | AG21: 0 | AH21: 0 | AI21: 0

Sheet Cell-Cell communication
A1: Back to main page
A2: group | B2: ALTERS CELL PROLIFERATION AND CELL DEATH | C2: MODULATES NUCLEAR RECEPTOR-MEDIATED EFFECTS | D2: INDUCES OXIDATIVE STRESS | E2: CAUSES INFLAMMATION | F2: INDUCES EPIGENETIC ALTERATIONS | G2: ALTERS SIGNAL TRANSDUCTION | H2: CAUSES MITOCHONDRIAL DYSFUNCTION | I2: IS GENOTOXIC | J2: IS METABOLICALLY ACTIVATED OR REACTIVE | K2: ALTERS CELL-CELL INTERACTIONS AND COMMUNICATION | L2: DISRUPTS CELLULAR CYTOSKELETON | M2: IS IMMUNOSUPPRESSIVE | N2: ALTERS PRODUCTION OF HORMONE | O2: DISRUPTS LIPID AND PROTEIN METABOLISM OR CAUSES DYSLIPIDEMIA | P2: DISRUPTS TRANSPORT FUNCTION | Q2: ALTERS GERM CELL DEVELOPMENT, FUNCTION, OR DEATH | R2: AFFECTS ANTIGEN PROCESSING AND PRESENTATION | S2: ALTERS DNA REPAIR OR CAUSES GENOMIC INSTABILITY | T2: ALTERS EFFECTOR FUNCTION OF SPECIFIC CELL TYPES | U2: ALTERS HEMOSTASIS | V2: ALTERS HORMONE DISTRIBUTION OR CIRCULATING HORMONE LEVELS | W2: ALTERS HORMONE METABOLISM OR CLEARANCE | X2: ALTERS IMMUNE CELL SIGNALING | Y2: ALTERS IMMUNE CELL TRAFFICKING | Z2: BREAKS DOWN IMMUNE TOLERANCE | AA2: ACTIVATES STRESS SIGNALING PATHWAYS | AB2: CAUSES CHOLESTASIS | AC2: CAUSES IMMORTALIZATION | AD2: CAUSES LIVER FIBROSIS | AE2: IMPACTS ENDOTHELIAL AND VASCULAR FUNCTION | AF2: IMPAIRS CARDIAC CONTRACTILITY AND RELAXATION | AG2: IMPAIRS REGULATION OF CARDIAC EXCITABILITY | AH2: MODIFIES AUTONOMIC NERVOUS SYSTEM ACTIVITY | AI2: MODIFIES CELLULAR DIFFERENTIATION
A3: Nephrin family interactions | B3: 0 | C3: 0 | D3: 0 | E3: 0 | F3: 0 | G3: 0 | H3: 0 | I3: 0 | J3: 0 | K3: 1 | L3: 0 | M3: 0 | N3: 0 | O3: 0 | P3: 0 | Q3: 0 | R3: 0 | S3: 0 | T3: 0 | U3: 0 | V3: 0 | W3: 0 | X3: 0 | Y3: 0 | Z3: 0 | AA3: 0 | AB3: 0 | AC3: 0 | AD3: 0 | AE3: 0 | AF3: 0 | AG3: 0 | AH3: 0 | AI3: 0
A4: Signal regulatory protein family interactions | B4: 0 | C4: 0 | D4: 0 | E4: 0 | F4: 0 | G4: 0 | H4: 0 | I4: 0 | J4: 0 | K4: 1 | L4: 0 | M4: 0 | N4: 0 | O4: 0 | P4: 0 | Q4: 0 | R4: 0 | S4: 0 | T4: 0 | U4: 0 | V4: 0 | W4: 0 | X4: 0 | Y4: 0 | Z4: 0 | AA4: 0 | AB4: 0 | AC4: 0 | AD4: 0 | AE4: 0 | AF4: 0 | AG4: 0 | AH4: 0 | AI4: 0
A5: Cell junction organization | B5: 0 | C5: 0 | D5: 0 | E5: 0 | F5: 0 | G5: 0 | H5: 0 | I5: 0 | J5: 0 | K5: 1 | L5: 0 | M5: 0 | N5: 0 | O5: 0 | P5: 0 | Q5: 0 | R5: 0 | S5: 0 | T5: 0 | U5: 0 | V5: 0 | W5: 0 | X5: 0 | Y5: 0 | Z5: 0 | AA5: 0 | AB5: 0 | AC5: 0 | AD5: 0 | AE5: 0 | AF5: 0 | AG5: 0 | AH5: 0 | AI5: 0
A6: Cell-cell junction organization | B6: 0 | C6: 0 | D6: 0 | E6: 0 | F6: 0 | G6: 0 | H6: 0 | I6: 0 | J6: 0 | K6: 1 | L6: 0 | M6: 0 | N6: 0 | O6: 0 | P6: 0 | Q6: 0 | R6: 0 | S6: 0 | T6: 0 | U6: 0 | V6: 0 | W6: 0 | X6: 0 | Y6: 0 | Z6: 0 | AA6: 0 | AB6: 0 | AC6: 0 | AD6: 0 | AE6: 0 | AF6: 0 | AG6: 0 | AH6: 0 | AI6: 0
A7: Type I hemidesmosome assembly | B7: 0 | C7: 0 | D7: 0 | E7: 0 | F7: 0 | G7: 0 | H7: 0 | I7: 0 | J7: 0 | K7: 1 | L7: 0 | M7: 0 | N7: 0 | O7: 0 | P7: 0 | Q7: 0 | R7: 0 | S7: 0 | T7: 0 | U7: 0 | V7: 0 | W7: 0 | X7: 0 | Y7: 0 | Z7: 0 | AA7: 0 | AB7: 0 | AC7: 0 | AD7: 0 | AE7: 0 | AF7: 0 | AG7: 0 | AH7: 0 | AI7: 0
A8: Cell-extracellular matrix interactions | B8: 0 | C8: 0 | D8: 0 | E8: 0 | F8: 0 | G8: 0 | H8: 0 | I8: 0 | J8: 0 | K8: 1 | L8: 0 | M8: 0 | N8: 0 | O8: 0 | P8: 0 | Q8: 0 | R8: 0 | S8: 0 | T8: 0 | U8: 0 | V8: 0 | W8: 0 | X8: 0 | Y8: 0 | Z8: 0 | AA8: 0 | AB8: 0 | AC8: 0 | AD8: 0 | AE8: 0 | AF8: 0 | AG8: 0 | AH8: 0 | AI8: 0
A9: SDK interactions | B9: 0 | C9: 0 | D9: 0 | E9: 0 | F9: 0 | G9: 0 | H9: 0 | I9: 0 | J9: 0 | K9: 1 | L9: 0 | M9: 0 | N9: 0 | O9: 0 | P9: 0 | Q9: 0 | R9: 0 | S9: 0 | T9: 0 | U9: 0 | V9: 0 | W9: 0 | X9: 0 | Y9: 0 | Z9: 0 | AA9: 0 | AB9: 0 | AC9: 0 | AD9: 0 | AE9: 0 | AF9: 0 | AG9: 0 | AH9: 0 | AI9: 0
A10: Adherens junctions interactions | B10: 0 | C10: 0 | D10: 0 | E10: 0 | F10: 0 | G10: 0 | H10: 0 | I10: 0 | J10: 0 | K10: 1 | L10: 0 | M10: 0 | N10: 0 | O10: 0 | P10: 0 | Q10: 0 | R10: 0 | S10: 0 | T10: 0 | U10: 0 | V10: 0 | W10: 0 | X10: 0 | Y10: 0 | Z10: 0 | AA10: 0 | AB10: 0 | AC10: 0 | AD10: 0 | AE10: 0 | AF10: 0 | AG10: 0 | AH10: 0 | AI10: 0
A11: Tight junction interactions | B11: 0 | C11: 0 | D11: 0 | E11: 0 | F11: 0 | G11: 0 | H11: 0 | I11: 0 | J11: 0 | K11: 1 | L11: 0 | M11: 0 | N11: 0 | O11: 0 | P11: 0 | Q11: 0 | R11: 0 | S11: 0 | T11: 0 | U11: 0 | V11: 0 | W11: 0 | X11: 0 | Y11: 0 | Z11: 0 | AA11: 0 | AB11: 0 | AC11: 0 | AD11: 0 | AE11: 0 | AF11: 0 | AG11: 0 | AH11: 0 | AI11: 0
A12: Nectin/Necl trans heterodimerization | B12: 0 | C12: 0 | D12: 0 | E12: 0 | F12: 0 | G12: 0 | H12: 0 | I12: 0 | J12: 0 | K12: 1 | L12: 0 | M12: 0 | N12: 0 | O12: 0 | P12: 0 | Q12: 0 | R12: 0 | S12: 0 | T12: 0 | U12: 0 | V12: 0 | W12: 0 | X12: 0 | Y12: 0 | Z12: 0 | AA12: 0 | AB12: 0 | AC12: 0 | AD12: 0 | AE12: 0 | AF12: 0 | AG12: 0 | AH12: 0 | AI12: 0
A13: Regulation of Homotypic Cell-Cell Adhesion | B13: 0 | C13: 0 | D13: 0 | E13: 0 | F13: 0 | G13: 0 | H13: 0 | I13: 0 | J13: 0 | K13: 1 | L13: 1 | M13: 0 | N13: 0 | O13: 0 | P13: 0 | Q13: 0 | R13: 0 | S13: 0 | T13: 0 | U13: 0 | V13: 0 | W13: 0 | X13: 0 | Y13: 0 | Z13: 0 | AA13: 0 | AB13: 0 | AC13: 0 | AD13: 0 | AE13: 0 | AF13: 0 | AG13: 0 | AH13: 0 | AI13: 0
A14: Regulation of Expression and Function of Type II Classical Cadherins | B14: 0 | C14: 0 | D14: 0 | E14: 0 | F14: 0 | G14: 0 | H14: 0 | I14: 0 | J14: 0 | K14: 1 | L14: 0 | M14: 0 | N14: 0 | O14: 0 | P14: 0 | Q14: 0 | R14: 0 | S14: 0 | T14: 0 | U14: 0 | V14: 0 | W14: 0 | X14: 0 | Y14: 0 | Z14: 0 | AA14: 0 | AB14: 0 | AC14: 0 | AD14: 0 | AE14: 0 | AF14: 0 | AG14: 0 | AH14: 0 | AI14: 0
... A23: Cell-cell communication | B23: 0 | C23: 0 | D23: 0 | E23: 0 | F23: 0 | G23: 0 | H23: 0 | I23: 0 | J23: 0 | K23: 1 | L23: 0 | M23: 0 | N23: 0 | O23: 0 | P23: 0 | Q23: 0 | R23: 0 | S23: 0 | T23: 0 | U23: 0 | V23: 0 | W23: 0 | X23: 0 | Y23: 0 | Z23: 0 | AA23: 0 | AB23: 0 | AC23: 0 | AD23: 0 | AE23: 0 | AF23: 0 | AG23: 0 | AH23: 0 | AI23: 0

Sheet Organelle biogenesis and mainte
A1: Back to main page
A2: group | B2: ALTERS CELL PROLIFERATION AND CELL DEATH | C2: MODULATES NUCLEAR RECEPTOR-MEDIATED EFFECTS | D2: INDUCES OXIDATIVE STRESS | E2: CAUSES INFLAMMATION | F2: INDUCES EPIGENETIC ALTERATIONS | G2: ALTERS SIGNAL TRANSDUCTION | H2: CAUSES MITOCHONDRIAL DYSFUNCTION | I2: IS GENOTOXIC | J2: IS METABOLICALLY ACTIVATED OR REACTIVE | K2: ALTERS CELL-CELL INTERACTIONS AND COMMUNICATION | L2: DISRUPTS CELLULAR CYTOSKELETON | M2: IS IMMUNOSUPPRESSIVE | N2: ALTERS PRODUCTION OF HORMONE | O2: DISRUPTS LIPID AND PROTEIN METABOLISM OR CAUSES DYSLIPIDEMIA | P2: DISRUPTS TRANSPORT FUNCTION | Q2: ALTERS GERM CELL DEVELOPMENT, FUNCTION, OR DEATH | R2: AFFECTS ANTIGEN PROCESSING AND PRESENTATION | S2: ALTERS DNA REPAIR OR CAUSES GENOMIC INSTABILITY | T2: ALTERS EFFECTOR FUNCTION OF SPECIFIC CELL TYPES | U2: ALTERS HEMOSTASIS | V2: ALTERS HORMONE DISTRIBUTION OR CIRCULATING HORMONE LEVELS | W2: ALTERS HORMONE METABOLISM OR CLEARANCE | X2: ALTERS IMMUNE CELL SIGNALING | Y2: ALTERS IMMUNE CELL TRAFFICKING | Z2: BREAKS DOWN IMMUNE TOLERANCE | AA2: ACTIVATES STRESS SIGNALING PATHWAYS | AB2: CAUSES CHOLESTASIS | AC2: CAUSES IMMORTALIZATION | AD2: CAUSES LIVER FIBROSIS | AE2: IMPACTS ENDOTHELIAL AND VASCULAR FUNCTION | AF2: IMPAIRS CARDIAC CONTRACTILITY AND RELAXATION | AG2: IMPAIRS REGULATION OF CARDIAC EXCITABILITY | AH2: MODIFIES AUTONOMIC NERVOUS SYSTEM ACTIVITY | AI2: MODIFIES CELLULAR DIFFERENTIATION
A3: Mitochondrial biogenesis | B3: 0 | C3: 0 | D3: 0 | E3: 0 | F3: 0 | G3: 0 | H3: 1 | I3: 0 | J3: 0 | K3: 0 | L3: 0 | M3: 0 | N3: 0 | O3: 0 | P3: 0 | Q3: 0 | R3: 0 | S3: 0 | T3: 0 | U3: 0 | V3: 0 | W3: 0 | X3: 0 | Y3: 0 | Z3: 0 | AA3: 0 | AB3: 0 | AC3: 0 | AD3: 0 | AE3: 0 | AF3: 0 | AG3: 0 | AH3: 0 | AI3: 0
A4: Cilium Assembly | B4: 0 | C4: 0 | D4: 0 | E4: 0 | F4: 0 | G4: 0 | H4: 0 | I4: 0 | J4: 0 | K4: 0 | L4: 0 | M4: 0 | N4: 0 | O4: 0 | P4: 0 | Q4: 0 | R4: 0 | S4: 0 | T4: 0 | U4: 0 | V4: 0 | W4: 0 | X4: 0 | Y4: 0 | Z4: 0 | AA4: 0 | AB4: 0 | AC4: 0 | AD4: 0 | AE4: 0 | AF4: 0 | AG4: 0 | AH4: 0 | AI4: 0
A5: Transcriptional activation of mitochondrial biogenesis | B5: 0 | C5: 0 | D5: 0 | E5: 0 | F5: 0 | G5: 0 | H5: 1 | I5: 0 | J5: 0 | K5: 0 | L5: 0 | M5: 0 | N5: 0 | O5: 0 | P5: 0 | Q5: 0 | R5: 0 | S5: 0 | T5: 0 | U5: 0 | V5: 0 | W5: 0 | X5: 0 | Y5: 0 | Z5: 0 | AA5: 0 | AB5: 0 | AC5: 0 | AD5: 0 | AE5: 0 | AF5: 0 | AG5: 0 | AH5: 0 | AI5: 0
A6: Activation of PPARGC1A (PGC-1alpha) by phosphorylation | B6: 0 | C6: 0 | D6: 0 | E6: 0 | F6: 0 | G6: 0 | H6: 1 | I6: 0 | J6: 0 | K6: 0 | L6: 0 | M6: 0 | N6: 0 | O6: 0 | P6: 0 | Q6: 0 | R6: 0 | S6: 0 | T6: 0 | U6: 0 | V6: 0 | W6: 0 | X6: 0 | Y6: 0 | Z6: 0 | AA6: 0 | AB6: 0 | AC6: 0 | AD6: 0 | AE6: 0 | AF6: 0 | AG6: 0 | AH6: 0 | AI6: 0
A7: Cristae formation | B7: 0 | C7: 0 | D7: 0 | E7: 0 | F7: 0 | G7: 0 | H7: 1 | I7: 0 | J7: 0 | K7: 0 | L7: 0 | M7: 0 | N7: 0 | O7: 0 | P7: 0 | Q7: 0 | R7: 0 | S7: 0 | T7: 0 | U7: 0 | V7: 0 | W7: 0 | X7: 0 | Y7: 0 | Z7: 0 | AA7: 0 | AB7: 0 | AC7: 0 | AD7: 0 | AE7: 0 | AF7: 0 | AG7: 0 | AH7: 0 | AI7: 0
A8: Anchoring of the basal body to the plasma membrane | B8: 0 | C8: 0 | D8: 0 | E8: 0 | F8: 0 | G8: 0 | H8: 0 | I8: 0 | J8: 0 | K8: 0 | L8: 0 | M8: 0 | N8: 0 | O8: 0 | P8: 0 | Q8: 0 | R8: 0 | S8: 0 | T8: 0 | U8: 0 | V8: 0 | W8: 0 | X8: 0 | Y8: 0 | Z8: 0 | AA8: 0 | AB8: 0 | AC8: 0 | AD8: 0 | AE8: 0 | AF8: 0 | AG8: 0 | AH8: 0 | AI8: 0
A9: Cargo trafficking to the periciliary membrane | B9: 0 | C9: 0 | D9: 0 | E9: 0 | F9: 0 | G9: 0 | H9: 0 | I9: 0 | J9: 0 | K9: 0 | L9: 0 | M9: 0 | N9: 0 | O9: 0 | P9: 0 | Q9: 0 | R9: 0 | S9: 0 | T9: 0 | U9: 0 | V9: 0 | W9: 0 | X9: 0 | Y9: 0 | Z9: 0 | AA9: 0 | AB9: 0 | AC9: 0 | AD9: 0 | AE9: 0 | AF9: 0 | AG9: 0 | AH9: 0 | AI9: 0
A10: Intraflagellar transport | B10: 0 | C10: 0 | D10: 0 | E10: 0 | F10: 0 | G10: 0 | H10: 0 | I10: 0 | J10: 0 | K10: 0 | L10: 0 | M10: 0 | N10: 0 | O10: 0 | P10: 0 | Q10: 0 | R10: 0 | S10: 0 | T10: 0 | U10: 0 | V10: 0 | W10: 0 | X10: 0 | Y10: 0 | Z10: 0 | AA10: 0 | AB10: 0 | AC10: 0 | AD10: 0 | AE10: 0 | AF10: 0 | AG10: 0 | AH10: 0 | AI10: 0
A11: VxPx cargo-targeting to cilium | B11: 0 | C11: 0 | D11: 0 | E11: 0 | F11: 0 | G11: 0 | H11: 0 | I11: 0 | J11: 0 | K11: 0 | L11: 0 | M11: 0 | N11: 0 | O11: 0 | P11: 0 | Q11: 0 | R11: 0 | S11: 0 | T11: 0 | U11: 0 | V11: 0 | W11: 0 | X11: 0 | Y11: 0 | Z11: 0 | AA11: 0 | AB11: 0 | AC11: 0 | AD11: 0 | AE11: 0 | AF11: 0 | AG11: 0 | AH11: 0 | AI11: 0
A12: BBSome-mediated cargo-targeting to cilium | B12: 0 | C12: 0 | D12: 0 | E12: 0 | F12: 0 | G12: 0 | H12: 0 | I12: 0 | J12: 0 | K12: 0 | L12: 0 | M12: 0 | N12: 0 | O12: 0 | P12: 0 | Q12: 0 | R12: 0 | S12: 0 | T12: 0 | U12: 0 | V12: 0 | W12: 0 | X12: 0 | Y12: 0 | Z12: 0 | AA12: 0 | AB12: 0 | AC12: 0 | AD12: 0 | AE12: 0 | AF12: 0 | AG12: 0 | AH12: 0 | AI12: 0
A13: Trafficking of myristoylated proteins to the cilium | B13: 0 | C13: 0 | D13: 0 | E13: 0 | F13: 0 | G13: 0 | H13: 0 | I13: 0 | J13: 0 | K13: 0 | L13: 0 | M13: 0 | N13: 0 | O13: 0 | P13: 0 | Q13: 0 | R13: 0 | S13: 0 | T13: 0 | U13: 0 | V13: 0 | W13: 0 | X13: 0 | Y13: 0 | Z13: 0 | AA13: 0 | AB13: 0 | AC13: 0 | AD13: 0 | AE13: 0 | AF13: 0 | AG13: 0 | AH13: 0 | AI13: 0
A14: ARL13B-mediated ciliary trafficking of INPP5E | B14: 0 | C14: 0 | D14: 0 | E14: 0 | F14: 0 | G14: 0 | H14: 0 | I14: 0 | J14: 0 | K14: 0 | L14: 0 | M14: 0 | N14: 0 | O14: 0 | P14: 0 | Q14: 0 | R14: 0 | S14: 0 | T14: 0 | U14: 0 | V14: 0 | W14: 0 | X14: 0 | Y14: 0 | Z14: 0 | AA14: 0 | AB14: 0 | AC14: 0 | AD14: 0 | AE14: 0 | AF14: 0 | AG14: 0 | AH14: 0 | AI14: 0
A15: Organelle biogenesis and maintenance | B15: 0 | C15: 0 | D15: 0 | E15: 0 | F15: 0 | G15: 0 | H15: 1 | I15: 0 | J15: 0 | K15: 0 | L15: 0 | M15: 0 | N15: 0 | O15: 0 | P15: 0 | Q15: 0 | R15: 0 | S15: 0 | T15: 0 | U15: 0 | V15: 0 | W15: 0 | X15: 0 | Y15: 0 | Z15: 0 | AA15: 0 | AB15: 0 | AC15: 0 | AD15: 0 | AE15: 0 | AF15: 0 | AG15: 0 | AH15: 0 | AI15: 0

Sheet Autophagy
A1: Back to main page
A2: group | B2: ALTERS CELL PROLIFERATION AND CELL DEATH | C2: MODULATES NUCLEAR RECEPTOR-MEDIATED EFFECTS | D2: INDUCES OXIDATIVE STRESS | E2: CAUSES INFLAMMATION | F2: INDUCES EPIGENETIC ALTERATIONS | G2: ALTERS SIGNAL TRANSDUCTION | H2: CAUSES MITOCHONDRIAL DYSFUNCTION | I2: IS GENOTOXIC | J2: IS METABOLICALLY ACTIVATED OR REACTIVE | K2: ALTERS CELL-CELL INTERACTIONS AND COMMUNICATION | L2: DISRUPTS CELLULAR CYTOSKELETON | M2: IS IMMUNOSUPPRESSIVE | N2: ALTERS PRODUCTION OF HORMONE | O2: DISRUPTS LIPID AND PROTEIN METABOLISM OR CAUSES DYSLIPIDEMIA | P2: DISRUPTS TRANSPORT FUNCTION | Q2: ALTERS GERM CELL DEVELOPMENT, FUNCTION, OR DEATH | R2: AFFECTS ANTIGEN PROCESSING AND PRESENTATION | S2: ALTERS DNA REPAIR OR CAUSES GENOMIC INSTABILITY | T2: ALTERS EFFECTOR FUNCTION OF SPECIFIC CELL TYPES | U2: ALTERS HEMOSTASIS | V2: ALTERS HORMONE DISTRIBUTION OR CIRCULATING HORMONE LEVELS | W2: ALTERS HORMONE METABOLISM OR CLEARANCE | X2: ALTERS IMMUNE CELL SIGNALING | Y2: ALTERS IMMUNE CELL TRAFFICKING | Z2: BREAKS DOWN IMMUNE TOLERANCE | AA2: ACTIVATES STRESS SIGNALING PATHWAYS | AB2: CAUSES CHOLESTASIS | AC2: CAUSES IMMORTALIZATION | AD2: CAUSES LIVER FIBROSIS | AE2: IMPACTS ENDOTHELIAL AND VASCULAR FUNCTION | AF2: IMPAIRS CARDIAC CONTRACTILITY AND RELAXATION | AG2: IMPAIRS REGULATION OF CARDIAC EXCITABILITY | AH2: MODIFIES AUTONOMIC NERVOUS SYSTEM ACTIVITY | AI2: MODIFIES CELLULAR DIFFERENTIATION
A3: Aggrephagy | B3: 1 | C3: 0 | D3: 0 | E3: 0 | F3: 0 | G3: 0 | H3: 0 | I3: 0 | J3: 0 | K3: 0 | L3: 0 | M3: 0 | N3: 0 | O3: 0 | P3: 0 | Q3: 0 | R3: 0 | S3: 0 | T3: 0 | U3: 0 | V3: 0 | W3: 0 | X3: 0 | Y3: 0 | Z3: 0 | AA3: 0 | AB3: 0 | AC3: 0 | AD3: 0 | AE3: 0 | AF3: 0 | AG3: 0 | AH3: 0 | AI3: 0
A4: Autophagy | B4: 1 | C4: 0 | D4: 0 | E4: 0 | F4: 0 | G4: 0 | H4: 0 | I4: 0 | J4: 0 | K4: 0 | L4: 0 | M4: 0 | N4: 0 | O4: 0 | P4: 0 | Q4: 0 | R4: 0 | S4: 0 | T4: 0 | U4: 0 | V4: 0 | W4: 0 | X4: 0 | Y4: 0 | Z4: 0 | AA4: 0 | AB4: 0 | AC4: 0 | AD4: 0 | AE4: 0 | AF4: 0 | AG4: 0 | AH4: 0 | AI4: 0
A5: Chaperone Mediated Autophagy | B5: 1 | C5: 0 | D5: 0 | E5: 0 | F5: 0 | G5: 0 | H5: 0 | I5: 0 | J5: 0 | K5: 0 | L5: 0 | M5: 0 | N5: 0 | O5: 0 | P5: 0 | Q5: 0 | R5: 0 | S5: 0 | T5: 0 | U5: 0 | V5: 0 | W5: 0 | X5: 0 | Y5: 0 | Z5: 0 | AA5: 0 | AB5: 0 | AC5: 0 | AD5: 0 | AE5: 0 | AF5: 0 | AG5: 0 | AH5: 0 | AI5: 0
A6: Late endosomal microautophagy | B6: 1 | C6: 0 | D6: 0 | E6: 0 | F6: 0 | G6: 0 | H6: 0 | I6: 0 | J6: 0 | K6: 0 | L6: 0 | M6: 0 | N6: 0 | O6: 0 | P6: 0 | Q6: 0 | R6: 0 | S6: 0 | T6: 0 | U6: 0 | V6: 0 | W6: 0 | X6: 0 | Y6: 0 | Z6: 0 | AA6: 0 | AB6: 0 | AC6: 0 | AD6: 0 | AE6: 0 | AF6: 0 | AG6: 0 | AH6: 0 | AI6: 0
A7: Lipophagy | B7: 1 | C7: 0 | D7: 0 | E7: 0 | F7: 0 | G7: 0 | H7: 0 | I7: 0 | J7: 0 | K7: 0 | L7: 0 | M7: 0 | N7: 0 | O7: 1 | P7: 0 | Q7: 0 | R7: 0 | S7: 0 | T7: 0 | U7: 0 | V7: 0 | W7: 0 | X7: 0 | Y7: 0 | Z7: 0 | AA7: 0 | AB7: 0 | AC7: 0 | AD7: 0 | AE7: 0 | AF7: 0 | AG7: 0 | AH7: 0 | AI7: 0
A8: Macroautophagy | B8: 1 | C8: 0 | D8: 0 | E8: 0 | F8: 0 | G8: 0 | H8: 0 | I8: 0 | J8: 0 | K8: 0 | L8: 0 | M8: 0 | N8: 0 | O8: 0 | P8: 0 | Q8: 0 | R8: 0 | S8: 0 | T8: 0 | U8: 0 | V8: 0 | W8: 0 | X8: 0 | Y8: 0 | Z8: 0 | AA8: 0 | AB8: 0 | AC8: 0 | AD8: 0 | AE8: 0 | AF8: 0 | AG8: 0 | AH8: 0 | AI8: 0
A9: Mitophagy | B9: 1 | C9: 0 | D9: 0 | E9: 0 | F9: 0 | G9: 0 | H9: 1 | I9: 0 | J9: 0 | K9: 0 | L9: 0 | M9: 0 | N9: 0 | O9: 0 | P9: 0 | Q9: 0 | R9: 0 | S9: 0 | T9: 0 | U9: 0 | V9: 0 | W9: 0 | X9: 0 | Y9: 0 | Z9: 0 | AA9: 0 | AB9: 0 | AC9: 0 | AD9: 0 | AE9: 0 | AF9: 0 | AG9: 0 | AH9: 0 | AI9: 0
A10: PINK1-PRKN Mediated Mitophagy | B10: 1 | C10: 0 | D10: 0 | E10: 0 | F10: 0 | G10: 0 | H10: 1 | I10: 0 | J10: 0 | K10: 0 | L10: 0 | M10: 0 | N10: 0 | O10: 0 | P10: 0 | Q10: 0 | R10: 0 | S10: 0 | T10: 0 | U10: 0 | V10: 0 | W10: 0 | X10: 0 | Y10: 0 | Z10: 0 | AA10: 0 | AB10: 0 | AC10: 0 | AD10: 0 | AE10: 0 | AF10: 0 | AG10: 0 | AH10: 0 | AI10: 0
A11: Pexophagy | B11: 1 | C11: 0 | D11: 1 | E11: 0 | F11: 0 | G11: 0 | H11: 0 | I11: 0 | J11: 0 | K11: 0 | L11: 0 | M11: 0 | N11: 0 | O11: 0 | P11: 0 | Q11: 0 | R11: 0 | S11: 0 | T11: 0 | U11: 0 | V11: 0 | W11: 0 | X11: 0 | Y11: 0 | Z11: 0 | AA11: 0 | AB11: 0 | AC11: 0 | AD11: 0 | AE11: 0 | AF11: 0 | AG11: 0 | AH11: 0 | AI11: 0
A12: Receptor Mediated Mitophagy | B12: 1 | C12: 0 | D12: 0 | E12: 0 | F12: 0 | G12: 0 | H12: 1 | I12: 0 | J12: 0 | K12: 0 | L12: 0 | M12: 0 | N12: 0 | O12: 0 | P12: 0 | Q12: 0 | R12: 0 | S12: 0 | T12: 0 | U12: 0 | V12: 0 | W12: 0 | X12: 0 | Y12: 0 | Z12: 0 | AA12: 0 | AB12: 0 | AC12: 0 | AD12: 0 | AE12: 0 | AF12: 0 | AG12: 0 | AH12: 0 | AI12: 0
A13: Selective autophagy | B13: 1 | C13: 0 | D13: 0 | E13: 0 | F13: 0 | G13: 0 | H13: 0 | I13: 0 | J13: 0 | K13: 0 | L13: 0 | M13: 0 | N13: 0 | O13: 0 | P13: 0 | Q13: 0 | R13: 0 | S13: 0 | T13: 0 | U13: 0 | V13: 0 | W13: 0 | X13: 0 | Y13: 0 | Z13: 0 | AA13: 0 | AB13: 0 | AC13: 0 | AD13: 0 | AE13: 0 | AF13: 0 | AG13: 0 | AH13: 0 | AI13: 0

Sheet Drug ADME
A1: Back to main page
A2: group | B2: ALTERS CELL PROLIFERATION AND CELL DEATH | C2: MODULATES NUCLEAR RECEPTOR-MEDIATED EFFECTS | D2: INDUCES OXIDATIVE STRESS | E2: CAUSES INFLAMMATION | F2: INDUCES EPIGENETIC ALTERATIONS | G2: ALTERS SIGNAL TRANSDUCTION | H2: CAUSES MITOCHONDRIAL DYSFUNCTION | I2: IS GENOTOXIC | J2: IS METABOLICALLY ACTIVATED OR REACTIVE | K2: ALTERS CELL-CELL INTERACTIONS AND COMMUNICATION | L2: DISRUPTS CELLULAR CYTOSKELETON | M2: IS IMMUNOSUPPRESSIVE | N2: ALTERS PRODUCTION OF HORMONE | O2: DISRUPTS LIPID AND PROTEIN METABOLISM OR CAUSES DYSLIPIDEMIA | P2: DISRUPTS TRANSPORT FUNCTION | Q2: ALTERS GERM CELL DEVELOPMENT, FUNCTION, OR DEATH | R2: AFFECTS ANTIGEN PROCESSING AND PRESENTATION | S2: ALTERS DNA REPAIR OR CAUSES GENOMIC INSTABILITY | T2: ALTERS EFFECTOR FUNCTION OF SPECIFIC CELL TYPES | U2: ALTERS HEMOSTASIS | V2: ALTERS HORMONE DISTRIBUTION OR CIRCULATING HORMONE LEVELS | W2: ALTERS HORMONE METABOLISM OR CLEARANCE | X2: ALTERS IMMUNE CELL SIGNALING | Y2: ALTERS IMMUNE CELL TRAFFICKING | Z2: BREAKS DOWN IMMUNE TOLERANCE | AA2: ACTIVATES STRESS SIGNALING PATHWAYS | AB2: CAUSES CHOLESTASIS | AC2: CAUSES IMMORTALIZATION | AD2: CAUSES LIVER FIBROSIS | AE2: IMPACTS ENDOTHELIAL AND VASCULAR FUNCTION | AF2: IMPAIRS CARDIAC CONTRACTILITY AND RELAXATION | AG2: IMPAIRS REGULATION OF CARDIAC EXCITABILITY | AH2: MODIFIES AUTONOMIC NERVOUS SYSTEM ACTIVITY | AI2: MODIFIES CELLULAR DIFFERENTIATION
A3: Abacavir ADME | B3: 0 | C3: 0 | D3: 0 | E3: 0 | F3: 0 | G3: 0 | H3: 0 | I3: 0 | J3: 0 | K3: 0 | L3: 0 | M3: 0 | N3: 0 | O3: 0 | P3: 0 | Q3: 0 | R3: 0 | S3: 0 | T3: 0 | U3: 0 | V3: 0 | W3: 0 | X3: 0 | Y3: 0 | Z3: 0 | AA3: 0 | AB3: 0 | AC3: 0 | AD3: 0 | AE3: 0 | AF3: 0 | AG3: 0 | AH3: 0 | AI3: 0
A4: Abacavir metabolism | B4: 0 | C4: 0 | D4: 0 | E4: 0 | F4: 0 | G4: 0 | H4: 0 | I4: 0 | J4: 0 | K4: 0 | L4: 0 | M4: 0 | N4: 0 | O4: 0 | P4: 0 | Q4: 0 | R4: 0 | S4: 0 | T4: 0 | U4: 0 | V4: 0 | W4: 0 | X4: 0 | Y4: 0 | Z4: 0 | AA4: 0 | AB4: 0 | AC4: 0 | AD4: 0 | AE4: 0 | AF4: 0 | AG4: 0 | AH4: 0 | AI4: 0
A5: Abacavir transmembrane transport | B5: 0 | C5: 0 | D5: 0 | E5: 0 | F5: 0 | G5: 0 | H5: 0 | I5: 0 | J5: 0 | K5: 0 | L5: 0 | M5: 0 | N5: 0 | O5: 0 | P5: 0 | Q5: 0 | R5: 0 | S5: 0 | T5: 0 | U5: 0 | V5: 0 | W5: 0 | X5: 0 | Y5: 0 | Z5: 0 | AA5: 0 | AB5: 0 | AC5: 0 | AD5: 0 | AE5: 0 | AF5: 0 | AG5: 0 | AH5: 0 | AI5: 0
A6: Aspirin ADME | B6: 0 | C6: 0 | D6: 0 | E6: 0 | F6: 0 | G6: 0 | H6: 0 | I6: 0 | J6: 0 | K6: 0 | L6: 0 | M6: 0 | N6: 0 | O6: 0 | P6: 0 | Q6: 0 | R6: 0 | S6: 0 | T6: 0 | U6: 0 | V6: 0 | W6: 0 | X6: 0 | Y6: 0 | Z6: 0 | AA6: 0 | AB6: 0 | AC6: 0 | AD6: 0 | AE6: 0 | AF6: 0 | AG6: 0 | AH6: 0 | AI6: 0
A7: Atorvastatin ADME | B7: 0 | C7: 0 | D7: 0 | E7: 0 | F7: 0 | G7: 0 | H7: 0 | I7: 0 | J7: 0 | K7: 0 | L7: 0 | M7: 0 | N7: 0 | O7: 0 | P7: 0 | Q7: 0 | R7: 0 | S7: 0 | T7: 0 | U7: 0 | V7: 0 | W7: 0 | X7: 0 | Y7: 0 | Z7: 0 | AA7: 0 | AB7: 0 | AC7: 0 | AD7: 0 | AE7: 0 | AF7: 0 | AG7: 0 | AH7: 0 | AI7: 0
A8: Azathioprine ADME | B8: 0 | C8: 0 | D8: 0 | E8: 0 | F8: 0 | G8: 0 | H8: 0 | I8: 0 | J8: 0 | K8: 0 | L8: 0 | M8: 0 | N8: 0 | O8: 0 | P8: 0 | Q8: 0 | R8: 0 | S8: 0 | T8: 0 | U8: 0 | V8: 0 | W8: 0 | X8: 0 | Y8: 0 | Z8: 0 | AA8: 0 | AB8: 0 | AC8: 0 | AD8: 0 | AE8: 0 | AF8: 0 | AG8: 0 | AH8: 0 | AI8: 0
A9: Ciprofloxacin ADME | B9: 0 | C9: 0 | D9: 0 | E9: 0 | F9: 0 | G9: 0 | H9: 0 | I9: 0 | J9: 0 | K9: 0 | L9: 0 | M9: 0 | N9: 0 | O9: 0 | P9: 0 | Q9: 0 | R9: 0 | S9: 0 | T9: 0 | U9: 0 | V9: 0 | W9: 0 | X9: 0 | Y9: 0 | Z9: 0 | AA9: 0 | AB9: 0 | AC9: 0 | AD9: 0 | AE9: 0 | AF9: 0 | AG9: 0 | AH9: 0 | AI9: 0
A10: Paracetamol ADME | B10: 0 | C10: 0 | D10: 0 | E10: 0 | F10: 0 | G10: 0 | H10: 0 | I10: 0 | J10: 0 | K10: 0 | L10: 0 | M10: 0 | N10: 0 | O10: 0 | P10: 0 | Q10: 0 | R10: 0 | S10: 0 | T10: 0 | U10: 0 | V10: 0 | W10: 0 | X10: 0 | Y10: 0 | Z10: 0 | AA10: 0 | AB10: 0 | AC10: 0 | AD10: 0 | AE10: 0 | AF10: 0 | AG10: 0 | AH10: 0 | AI10: 0
A11: Prednisone ADME | B11: 0 | C11: 0 | D11: 0 | E11: 0 | F11: 0 | G11: 0 | H11: 0 | I11: 0 | J11: 0 | K11: 0 | L11: 0 | M11: 0 | N11: 0 | O11: 0 | P11: 0 | Q11: 0 | R11: 0 | S11: 0 | T11: 0 | U11: 0 | V11: 0 | W11: 0 | X11: 0 | Y11: 0 | Z11: 0 | AA11: 0 | AB11: 0 | AC11: 0 | AD11: 0 | AE11: 0 | AF11: 0 | AG11: 0 | AH11: 0 | AI11: 0
A12: Ribavirin ADME | B12: 0 | C12: 0 | D12: 0 | E12: 0 | F12: 0 | G12: 0 | H12: 0 | I12: 0 | J12: 0 | K12: 0 | L12: 0 | M12: 0 | N12: 0 | O12: 0 | P12: 0 | Q12: 0 | R12: 0 | S12: 0 | T12: 0 | U12: 0 | V12: 0 | W12: 0 | X12: 0 | Y12: 0 | Z12: 0 | AA12: 0 | AB12: 0 | AC12: 0 | AD12: 0 | AE12: 0 | AF12: 0 | AG12: 0 | AH12: 0 | AI12: 0
A13: Drug ADME | B13: 0 | C13: 0 | D13: 0 | E13: 0 | F13: 0 | G13: 0 | H13: 0 | I13: 0 | J13: 1 | K13: 0 | L13: 0 | M13: 0 | N13: 0 | O13: 0 | P13: 0 | Q13: 0 | R13: 0 | S13: 0 | T13: 0 | U13: 0 | V13: 0 | W13: 0 | X13: 0 | Y13: 0 | Z13: 0 | AA13: 0 | AB13: 0 | AC13: 0 | AD13: 0 | AE13: 0 | AF13: 0 | AG13: 0 | AH13: 0 | AI13: 0

Sheet Muscle contraction
A1: Back to main page
A2: group | B2: ALTERS CELL PROLIFERATION AND CELL DEATH | C2: MODULATES NUCLEAR RECEPTOR-MEDIATED EFFECTS | D2: INDUCES OXIDATIVE STRESS | E2: CAUSES INFLAMMATION | F2: INDUCES EPIGENETIC ALTERATIONS | G2: ALTERS SIGNAL TRANSDUCTION | H2: CAUSES MITOCHONDRIAL DYSFUNCTION | I2: IS GENOTOXIC | J2: IS METABOLICALLY ACTIVATED OR REACTIVE | K2: ALTERS CELL-CELL INTERACTIONS AND COMMUNICATION | L2: DISRUPTS CELLULAR CYTOSKELETON | M2: IS IMMUNOSUPPRESSIVE | N2: ALTERS PRODUCTION OF HORMONE | O2: DISRUPTS LIPID AND PROTEIN METABOLISM OR CAUSES DYSLIPIDEMIA | P2: DISRUPTS TRANSPORT FUNCTION | Q2: ALTERS GERM CELL DEVELOPMENT, FUNCTION, OR DEATH | R2: AFFECTS ANTIGEN PROCESSING AND PRESENTATION | S2: ALTERS DNA REPAIR OR CAUSES GENOMIC INSTABILITY | T2: ALTERS EFFECTOR FUNCTION OF SPECIFIC CELL TYPES | U2: ALTERS HEMOSTASIS | V2: ALTERS HORMONE DISTRIBUTION OR CIRCULATING HORMONE LEVELS | W2: ALTERS HORMONE METABOLISM OR CLEARANCE | X2: ALTERS IMMUNE CELL SIGNALING | Y2: ALTERS IMMUNE CELL TRAFFICKING | Z2: BREAKS DOWN IMMUNE TOLERANCE | AA2: ACTIVATES STRESS SIGNALING PATHWAYS | AB2: CAUSES CHOLESTASIS | AC2: CAUSES IMMORTALIZATION | AD2: CAUSES LIVER FIBROSIS | AE2: IMPACTS ENDOTHELIAL AND VASCULAR FUNCTION | AF2: IMPAIRS CARDIAC CONTRACTILITY AND RELAXATION | AG2: IMPAIRS REGULATION OF CARDIAC EXCITABILITY | AH2: MODIFIES AUTONOMIC NERVOUS SYSTEM ACTIVITY | AI2: MODIFIES CELLULAR DIFFERENTIATION
A3: Cardiac conduction | B3: 0 | C3: 0 | D3: 0 | E3: 0 | F3: 0 | G3: 0 | H3: 0 | I3: 0 | J3: 0 | K3: 0 | L3: 0 | M3: 0 | N3: 0 | O3: 0 | P3: 0 | Q3: 0 | R3: 0 | S3: 0 | T3: 0 | U3: 0 | V3: 0 | W3: 0 | X3: 0 | Y3: 0 | Z3: 0 | AA3: 0 | AB3: 0 | AC3: 0 | AD3: 0 | AE3: 0 | AF3: 0 | AG3: 1 | AH3: 0 | AI3: 0
A4: Ion homeostasis | B4: 0 | C4: 0 | D4: 0 | E4: 0 | F4: 0 | G4: 0 | H4: 0 | I4: 0 | J4: 0 | K4: 0 | L4: 0 | M4: 0 | N4: 0 | O4: 0 | P4: 0 | Q4: 0 | R4: 0 | S4: 0 | T4: 0 | U4: 1 | V4: 0 | W4: 0 | X4: 0 | Y4: 0 | Z4: 0 | AA4: 0 | AB4: 0 | AC4: 0 | AD4: 0 | AE4: 0 | AF4: 0 | AG4: 1 | AH4: 0 | AI4: 0
A5: Muscle contraction | B5: 0 | C5: 0 | D5: 0 | E5: 0 | F5: 0 | G5: 0 | H5: 0 | I5: 0 | J5: 0 | K5: 0 | L5: 0 | M5: 0 | N5: 0 | O5: 0 | P5: 0 | Q5: 0 | R5: 0 | S5: 0 | T5: 0 | U5: 0 | V5: 0 | W5: 0 | X5: 0 | Y5: 0 | Z5: 0 | AA5: 0 | AB5: 0 | AC5: 0 | AD5: 0 | AE5: 0 | AF5: 1 | AG5: 0 | AH5: 0 | AI5: 0
A6: Phase 0 - rapid depolarisation | B6: 0 | C6: 0 | D6: 0 | E6: 0 | F6: 0 | G6: 0 | H6: 0 | I6: 0 | J6: 0 | K6: 0 | L6: 0 | M6: 0 | N6: 0 | O6: 0 | P6: 0 | Q6: 0 | R6: 0 | S6: 0 | T6: 0 | U6: 0 | V6: 0 | W6: 0 | X6: 0 | Y6: 0 | Z6: 0 | AA6: 0 | AB6: 0 | AC6: 0 | AD6: 0 | AE6: 0 | AF6: 0 | AG6: 1 | AH6: 0 | AI6: 0
A7: Phase 1 - inactivation of fast Na+ channels | B7: 0 | C7: 0 | D7: 0 | E7: 0 | F7: 0 | G7: 0 | H7: 0 | I7: 0 | J7: 0 | K7: 0 | L7: 0 | M7: 0 | N7: 0 | O7: 0 | P7: 0 | Q7: 0 | R7: 0 | S7: 0 | T7: 0 | U7: 0 | V7: 0 | W7: 0 | X7: 0 | Y7: 0 | Z7: 0 | AA7: 0 | AB7: 0 | AC7: 0 | AD7: 0 | AE7: 0 | AF7: 0 | AG7: 1 | AH7: 0 | AI7: 0
A8: Phase 2 - plateau phase | B8: 0 | C8: 0 | D8: 0 | E8: 0 | F8: 0 | G8: 0 | H8: 0 | I8: 0 | J8: 0 | K8: 0 | L8: 0 | M8: 0 | N8: 0 | O8: 0 | P8: 0 | Q8: 0 | R8: 0 | S8: 0 | T8: 0 | U8: 0 | V8: 0 | W8: 0 | X8: 0 | Y8: 0 | Z8: 0 | AA8: 0 | AB8: 0 | AC8: 0 | AD8: 0 | AE8: 0 | AF8: 0 | AG8: 1 | AH8: 0 | AI8: 0
A9: Phase 3 - rapid repolarisation | B9: 0 | C9: 0 | D9: 0 | E9: 0 | F9: 0 | G9: 0 | H9: 0 | I9: 0 | J9: 0 | K9: 0 | L9: 0 | M9: 0 | N9: 0 | O9: 0 | P9: 0 | Q9: 0 | R9: 0 | S9: 0 | T9: 0 | U9: 0 | V9: 0 | W9: 0 | X9: 0 | Y9: 0 | Z9: 0 | AA9: 0 | AB9: 0 | AC9: 0 | AD9: 0 | AE9: 0 | AF9: 0 | AG9: 1 | AH9: 0 | AI9: 0
A10: Phase 4 - resting membrane potential | B10: 0 | C10: 0 | D10: 0 | E10: 0 | F10: 0 | G10: 0 | H10: 0 | I10: 0 | J10: 0 | K10: 0 | L10: 0 | M10: 0 | N10: 0 | O10: 0 | P10: 0 | Q10: 0 | R10: 0 | S10: 0 | T10: 0 | U10: 0 | V10: 0 | W10: 0 | X10: 0 | Y10: 0 | Z10: 0 | AA10: 0 | AB10: 0 | AC10: 0 | AD10: 0 | AE10: 0 | AF10: 0 | AG10: 1 | AH10: 0 | AI10: 0
A11: Physiological factors | B11: 0 | C11: 0 | D11: 0 | E11: 0 | F11: 0 | G11: 0 | H11: 0 | I11: 0 | J11: 0 | K11: 0 | L11: 0 | M11: 0 | N11: 0 | O11: 0 | P11: 0 | Q11: 0 | R11: 0 | S11: 0 | T11: 0 | U11: 0 | V11: 0 | W11: 0 | X11: 0 | Y11: 0 | Z11: 0 | AA11: 0 | AB11: 0 | AC11: 0 | AD11: 0 | AE11: 0 | AF11: 1 | AG11: 1 | AH11: 0 | AI11: 0
A12: Smooth Muscle Contraction | B12: 0 | C12: 0 | D12: 0 | E12: 0 | F12: 0 | G12: 0 | H12: 0 | I12: 0 | J12: 0 | K12: 0 | L12: 0 | M12: 0 | N12: 0 | O12: 0 | P12: 0 | Q12: 0 | R12: 0 | S12: 0 | T12: 0 | U12: 0 | V12: 0 | W12: 0 | X12: 0 | Y12: 0 | Z12: 0 | AA12: 0 | AB12: 0 | AC12: 0 | AD12: 0 | AE12: 0 | AF12: 0 | AG12: 0 | AH12: 0 | AI12: 0
A13: Striated Muscle Contraction | B13: 0 | C13: 0 | D13: 0 | E13: 0 | F13: 0 | G13: 0 | H13: 0 | I13: 0 | J13: 0 | K13: 0 | L13: 0 | M13: 0 | N13: 0 | O13: 0 | P13: 0 | Q13: 0 | R13: 0 | S13: 0 | T13: 0 | U13: 0 | V13: 0 | W13: 0 | X13: 0 | Y13: 0 | Z13: 0 | AA13: 0 | AB13: 0 | AC13: 0 | AD13: 0 | AE13: 0 | AF13: 1 | AG13: 0 | AH13: 0 | AI13: 0

Sheet Reproduction
A1: Back to main page
A2: group | B2: ALTERS CELL PROLIFERATION AND CELL DEATH | C2: MODULATES NUCLEAR RECEPTOR-MEDIATED EFFECTS | D2: INDUCES OXIDATIVE STRESS | E2: CAUSES INFLAMMATION | F2: INDUCES EPIGENETIC ALTERATIONS | G2: ALTERS SIGNAL TRANSDUCTION | H2: CAUSES MITOCHONDRIAL DYSFUNCTION | I2: IS GENOTOXIC | J2: IS METABOLICALLY ACTIVATED OR REACTIVE | K2: ALTERS CELL-CELL INTERACTIONS AND COMMUNICATION | L2: DISRUPTS CELLULAR CYTOSKELETON | M2: IS IMMUNOSUPPRESSIVE | N2: ALTERS PRODUCTION OF HORMONE | O2: DISRUPTS LIPID AND PROTEIN METABOLISM OR CAUSES DYSLIPIDEMIA | P2: DISRUPTS TRANSPORT FUNCTION | Q2: ALTERS GERM CELL DEVELOPMENT, FUNCTION, OR DEATH | R2: AFFECTS ANTIGEN PROCESSING AND PRESENTATION | S2: ALTERS DNA REPAIR OR CAUSES GENOMIC INSTABILITY | T2: ALTERS EFFECTOR FUNCTION OF SPECIFIC CELL TYPES | U2: ALTERS HEMOSTASIS | V2: ALTERS HORMONE DISTRIBUTION OR CIRCULATING HORMONE LEVELS | W2: ALTERS HORMONE METABOLISM OR CLEARANCE | X2: ALTERS IMMUNE CELL SIGNALING | Y2: ALTERS IMMUNE CELL TRAFFICKING | Z2: BREAKS DOWN IMMUNE TOLERANCE | AA2: ACTIVATES STRESS SIGNALING PATHWAYS | AB2: CAUSES CHOLESTASIS | AC2: CAUSES IMMORTALIZATION | AD2: CAUSES LIVER FIBROSIS | AE2: IMPACTS ENDOTHELIAL AND VASCULAR FUNCTION | AF2: IMPAIRS CARDIAC CONTRACTILITY AND RELAXATION | AG2: IMPAIRS REGULATION OF CARDIAC EXCITABILITY | AH2: MODIFIES AUTONOMIC NERVOUS SYSTEM ACTIVITY | AI2: MODIFIES CELLULAR DIFFERENTIATION
A3: Fertilization | B3: 0 | C3: 0 | D3: 0 | E3: 0 | F3: 0 | G3: 0 | H3: 0 | I3: 0 | J3: 0 | K3: 0 | L3: 0 | M3: 0 | N3: 0 | O3: 0 | P3: 0 | Q3: 1 | R3: 0 | S3: 0 | T3: 0 | U3: 0 | V3: 0 | W3: 0 | X3: 0 | Y3: 0 | Z3: 0 | AA3: 0 | AB3: 0 | AC3: 0 | AD3: 0 | AE3: 0 | AF3: 0 | AG3: 0 | AH3: 0 | AI3: 0
A4: Meiosis | B4: 0 | C4: 0 | D4: 0 | E4: 0 | F4: 0 | G4: 0 | H4: 0 | I4: 0 | J4: 0 | K4: 0 | L4: 0 | M4: 0 | N4: 0 | O4: 0 | P4: 0 | Q4: 1 | R4: 0 | S4: 0 | T4: 0 | U4: 0 | V4: 0 | W4: 0 | X4: 0 | Y4: 0 | Z4: 0 | AA4: 0 | AB4: 0 | AC4: 0 | AD4: 0 | AE4: 0 | AF4: 0 | AG4: 0 | AH4: 0 | AI4: 0
A5: Specification of primordial germ cells | B5: 0 | C5: 0 | D5: 0 | E5: 0 | F5: 0 | G5: 0 | H5: 0 | I5: 0 | J5: 0 | K5: 0 | L5: 0 | M5: 0 | N5: 0 | O5: 0 | P5: 0 | Q5: 1 | R5: 0 | S5: 0 | T5: 0 | U5: 0 | V5: 0 | W5: 0 | X5: 0 | Y5: 0 | Z5: 0 | AA5: 0 | AB5: 0 | AC5: 0 | AD5: 0 | AE5: 0 | AF5: 0 | AG5: 0 | AH5: 0 | AI5: 0
A6: Sperm Motility And Taxes | B6: 0 | C6: 0 | D6: 0 | E6: 0 | F6: 0 | G6: 0 | H6: 0 | I6: 0 | J6: 0 | K6: 0 | L6: 0 | M6: 0 | N6: 0 | O6: 0 | P6: 0 | Q6: 1 | R6: 0 | S6: 0 | T6: 0 | U6: 0 | V6: 0 | W6: 0 | X6: 0 | Y6: 0 | Z6: 0 | AA6: 0 | AB6: 0 | AC6: 0 | AD6: 0 | AE6: 0 | AF6: 0 | AG6: 0 | AH6: 0 | AI6: 0
A7: Acrosome Reaction and Sperm:Oocyte Membrane Binding | B7: 0 | C7: 0 | D7: 0 | E7: 0 | F7: 0 | G7: 0 | H7: 0 | I7: 0 | J7: 0 | K7: 1 | L7: 0 | M7: 0 | N7: 0 | O7: 0 | P7: 0 | Q7: 1 | R7: 0 | S7: 0 | T7: 0 | U7: 0 | V7: 0 | W7: 0 | X7: 0 | Y7: 0 | Z7: 0 | AA7: 0 | AB7: 0 | AC7: 0 | AD7: 0 | AE7: 0 | AF7: 0 | AG7: 0 | AH7: 0 | AI7: 0
A8: Interaction With Cumulus Cells And The Zona Pellucida | B8: 0 | C8: 0 | D8: 0 | E8: 0 | F8: 0 | G8: 0 | H8: 0 | I8: 0 | J8: 0 | K8: 1 | L8: 0 | M8: 0 | N8: 0 | O8: 0 | P8: 0 | Q8: 1 | R8: 0 | S8: 0 | T8: 0 | U8: 0 | V8: 0 | W8: 0 | X8: 0 | Y8: 0 | Z8: 0 | AA8: 0 | AB8: 0 | AC8: 0 | AD8: 0 | AE8: 0 | AF8: 0 | AG8: 0 | AH8: 0 | AI8: 0
A9: Meiotic synapsis | B9: 0 | C9: 0 | D9: 0 | E9: 0 | F9: 0 | G9: 0 | H9: 0 | I9: 0 | J9: 0 | K9: 0 | L9: 0 | M9: 0 | N9: 0 | O9: 0 | P9: 0 | Q9: 1 | R9: 0 | S9: 0 | T9: 0 | U9: 0 | V9: 0 | W9: 0 | X9: 0 | Y9: 0 | Z9: 0 | AA9: 0 | AB9: 0 | AC9: 0 | AD9: 0 | AE9: 0 | AF9: 0 | AG9: 0 | AH9: 0 | AI9: 0
A10: Meiotic recombination | B10: 0 | C10: 0 | D10: 0 | E10: 0 | F10: 0 | G10: 0 | H10: 0 | I10: 0 | J10: 0 | K10: 0 | L10: 0 | M10: 0 | N10: 0 | O10: 0 | P10: 0 | Q10: 1 | R10: 0 | S10: 0 | T10: 0 | U10: 0 | V10: 0 | W10: 0 | X10: 0 | Y10: 0 | Z10: 0 | AA10: 0 | AB10: 0 | AC10: 0 | AD10: 0 | AE10: 0 | AF10: 0 | AG10: 0 | AH10: 0 | AI10: 0

Sheet Chromatin organization
A1: Back to main page
A2: group | B2: ALTERS CELL PROLIFERATION AND CELL DEATH | C2: MODULATES NUCLEAR RECEPTOR-MEDIATED EFFECTS | D2: INDUCES OXIDATIVE STRESS | E2: CAUSES INFLAMMATION | F2: INDUCES EPIGENETIC ALTERATIONS | G2: ALTERS SIGNAL TRANSDUCTION | H2: CAUSES MITOCHONDRIAL DYSFUNCTION | I2: IS GENOTOXIC | J2: IS METABOLICALLY ACTIVATED OR REACTIVE | K2: ALTERS CELL-CELL INTERACTIONS AND COMMUNICATION | L2: DISRUPTS CELLULAR CYTOSKELETON | M2: IS IMMUNOSUPPRESSIVE | N2: ALTERS PRODUCTION OF HORMONE | O2: DISRUPTS LIPID AND PROTEIN METABOLISM OR CAUSES DYSLIPIDEMIA | P2: DISRUPTS TRANSPORT FUNCTION | Q2: ALTERS GERM CELL DEVELOPMENT, FUNCTION, OR DEATH | R2: AFFECTS ANTIGEN PROCESSING AND PRESENTATION | S2: ALTERS DNA REPAIR OR CAUSES GENOMIC INSTABILITY | T2: ALTERS EFFECTOR FUNCTION OF SPECIFIC CELL TYPES | U2: ALTERS HEMOSTASIS | V2: ALTERS HORMONE DISTRIBUTION OR CIRCULATING HORMONE LEVELS | W2: ALTERS HORMONE METABOLISM OR CLEARANCE | X2: ALTERS IMMUNE CELL SIGNALING | Y2: ALTERS IMMUNE CELL TRAFFICKING | Z2: BREAKS DOWN IMMUNE TOLERANCE | AA2: ACTIVATES STRESS SIGNALING PATHWAYS | AB2: CAUSES CHOLESTASIS | AC2: CAUSES IMMORTALIZATION | AD2: CAUSES LIVER FIBROSIS | AE2: IMPACTS ENDOTHELIAL AND VASCULAR FUNCTION | AF2: IMPAIRS CARDIAC CONTRACTILITY AND RELAXATION | AG2: IMPAIRS REGULATION OF CARDIAC EXCITABILITY | AH2: MODIFIES AUTONOMIC NERVOUS SYSTEM ACTIVITY | AI2: MODIFIES CELLULAR DIFFERENTIATION
A3: Chromatin modifying enzymes | B3: 0 | C3: 0 | D3: 0 | E3: 0 | F3: 1 | G3: 0 | H3: 0 | I3: 0 | J3: 0 | K3: 0 | L3: 0 | M3: 0 | N3: 0 | O3: 0 | P3: 0 | Q3: 0 | R3: 0 | S3: 0 | T3: 0 | U3: 0 | V3: 0 | W3: 0 | X3: 0 | Y3: 0 | Z3: 0 | AA3: 0 | AB3: 0 | AC3: 0 | AD3: 0 | AE3: 0 | AF3: 0 | AG3: 0 | AH3: 0 | AI3: 0
A4: HDACs deacetylate histones | B4: 0 | C4: 0 | D4: 0 | E4: 0 | F4: 1 | G4: 0 | H4: 0 | I4: 0 | J4: 0 | K4: 0 | L4: 0 | M4: 0 | N4: 0 | O4: 0 | P4: 0 | Q4: 0 | R4: 0 | S4: 0 | T4: 0 | U4: 0 | V4: 0 | W4: 0 | X4: 0 | Y4: 0 | Z4: 0 | AA4: 0 | AB4: 0 | AC4: 0 | AD4: 0 | AE4: 0 | AF4: 0 | AG4: 0 | AH4: 0 | AI4: 0
A5: PKMTs methylate histone lysines | B5: 0 | C5: 0 | D5: 0 | E5: 0 | F5: 1 | G5: 0 | H5: 0 | I5: 0 | J5: 0 | K5: 0 | L5: 0 | M5: 0 | N5: 0 | O5: 0 | P5: 0 | Q5: 0 | R5: 0 | S5: 0 | T5: 0 | U5: 0 | V5: 0 | W5: 0 | X5: 0 | Y5: 0 | Z5: 0 | AA5: 0 | AB5: 0 | AC5: 0 | AD5: 0 | AE5: 0 | AF5: 0 | AG5: 0 | AH5: 0 | AI5: 0
A6: HDMs demethylate histones | B6: 0 | C6: 0 | D6: 0 | E6: 0 | F6: 1 | G6: 0 | H6: 0 | I6: 0 | J6: 0 | K6: 0 | L6: 0 | M6: 0 | N6: 0 | O6: 0 | P6: 0 | Q6: 0 | R6: 0 | S6: 0 | T6: 0 | U6: 0 | V6: 0 | W6: 0 | X6: 0 | Y6: 0 | Z6: 0 | AA6: 0 | AB6: 0 | AC6: 0 | AD6: 0 | AE6: 0 | AF6: 0 | AG6: 0 | AH6: 0 | AI6: 0
A7: HATs acetylate histones | B7: 0 | C7: 0 | D7: 0 | E7: 0 | F7: 1 | G7: 0 | H7: 0 | I7: 0 | J7: 0 | K7: 0 | L7: 0 | M7: 0 | N7: 0 | O7: 0 | P7: 0 | Q7: 0 | R7: 0 | S7: 0 | T7: 0 | U7: 0 | V7: 0 | W7: 0 | X7: 0 | Y7: 0 | Z7: 0 | AA7: 0 | AB7: 0 | AC7: 0 | AD7: 0 | AE7: 0 | AF7: 0 | AG7: 0 | AH7: 0 | AI7: 0
A8: RMTs methylate histone arginines | B8: 0 | C8: 0 | D8: 0 | E8: 0 | F8: 1 | G8: 0 | H8: 0 | I8: 0 | J8: 0 | K8: 0 | L8: 0 | M8: 0 | N8: 0 | O8: 0 | P8: 0 | Q8: 0 | R8: 0 | S8: 0 | T8: 0 | U8: 0 | V8: 0 | W8: 0 | X8: 0 | Y8: 0 | Z8: 0 | AA8: 0 | AB8: 0 | AC8: 0 | AD8: 0 | AE8: 0 | AF8: 0 | AG8: 0 | AH8: 0 | AI8: 0

Sheet Digestion and absorption
A1: Back to main page
A2: group | B2: ALTERS CELL PROLIFERATION AND CELL DEATH | C2: MODULATES NUCLEAR RECEPTOR-MEDIATED EFFECTS | D2: INDUCES OXIDATIVE STRESS | E2: CAUSES INFLAMMATION | F2: INDUCES EPIGENETIC ALTERATIONS | G2: ALTERS SIGNAL TRANSDUCTION | H2: CAUSES MITOCHONDRIAL DYSFUNCTION | I2: IS GENOTOXIC | J2: IS METABOLICALLY ACTIVATED OR REACTIVE | K2: ALTERS CELL-CELL INTERACTIONS AND COMMUNICATION | L2: DISRUPTS CELLULAR CYTOSKELETON | M2: IS IMMUNOSUPPRESSIVE | N2: ALTERS PRODUCTION OF HORMONE | O2: DISRUPTS LIPID AND PROTEIN METABOLISM OR CAUSES DYSLIPIDEMIA | P2: DISRUPTS TRANSPORT FUNCTION | Q2: ALTERS GERM CELL DEVELOPMENT, FUNCTION, OR DEATH | R2: AFFECTS ANTIGEN PROCESSING AND PRESENTATION | S2: ALTERS DNA REPAIR OR CAUSES GENOMIC INSTABILITY | T2: ALTERS EFFECTOR FUNCTION OF SPECIFIC CELL TYPES | U2: ALTERS HEMOSTASIS | V2: ALTERS HORMONE DISTRIBUTION OR CIRCULATING HORMONE LEVELS | W2: ALTERS HORMONE METABOLISM OR CLEARANCE | X2: ALTERS IMMUNE CELL SIGNALING | Y2: ALTERS IMMUNE CELL TRAFFICKING | Z2: BREAKS DOWN IMMUNE TOLERANCE | AA2: ACTIVATES STRESS SIGNALING PATHWAYS | AB2: CAUSES CHOLESTASIS | AC2: CAUSES IMMORTALIZATION | AD2: CAUSES LIVER FIBROSIS | AE2: IMPACTS ENDOTHELIAL AND VASCULAR FUNCTION | AF2: IMPAIRS CARDIAC CONTRACTILITY AND RELAXATION | AG2: IMPAIRS REGULATION OF CARDIAC EXCITABILITY | AH2: MODIFIES AUTONOMIC NERVOUS SYSTEM ACTIVITY | AI2: MODIFIES CELLULAR DIFFERENTIATION
A3: Digestion | B3: 0 | C3: 0 | D3: 0 | E3: 0 | F3: 0 | G3: 0 | H3: 0 | I3: 0 | J3: 0 | K3: 0 | L3: 0 | M3: 0 | N3: 0 | O3: 0 | P3: 0 | Q3: 0 | R3: 0 | S3: 0 | T3: 0 | U3: 0 | V3: 0 | W3: 0 | X3: 0 | Y3: 0 | Z3: 0 | AA3: 0 | AB3: 0 | AC3: 0 | AD3: 0 | AE3: 0 | AF3: 0 | AG3: 0 | AH3: 0 | AI3: 0
A4: Intestinal absorption | B4: 0 | C4: 0 | D4: 0 | E4: 0 | F4: 0 | G4: 0 | H4: 0 | I4: 0 | J4: 0 | K4: 0 | L4: 0 | M4: 0 | N4: 0 | O4: 0 | P4: 0 | Q4: 0 | R4: 0 | S4: 0 | T4: 0 | U4: 0 | V4: 0 | W4: 0 | X4: 0 | Y4: 0 | Z4: 0 | AA4: 0 | AB4: 0 | AC4: 0 | AD4: 0 | AE4: 0 | AF4: 0 | AG4: 0 | AH4: 0 | AI4: 0
A5: Digestion of dietary carbohydrate | B5: 0 | C5: 0 | D5: 0 | E5: 0 | F5: 0 | G5: 0 | H5: 0 | I5: 0 | J5: 0 | K5: 0 | L5: 0 | M5: 0 | N5: 0 | O5: 0 | P5: 0 | Q5: 0 | R5: 0 | S5: 0 | T5: 0 | U5: 0 | V5: 0 | W5: 0 | X5: 0 | Y5: 0 | Z5: 0 | AA5: 0 | AB5: 0 | AC5: 0 | AD5: 0 | AE5: 0 | AF5: 0 | AG5: 0 | AH5: 0 | AI5: 0
A6: Digestion of dietary lipid | B6: 0 | C6: 0 | D6: 0 | E6: 0 | F6: 0 | G6: 0 | H6: 0 | I6: 0 | J6: 0 | K6: 0 | L6: 0 | M6: 0 | N6: 0 | O6: 0 | P6: 0 | Q6: 0 | R6: 0 | S6: 0 | T6: 0 | U6: 0 | V6: 0 | W6: 0 | X6: 0 | Y6: 0 | Z6: 0 | AA6: 0 | AB6: 0 | AC6: 0 | AD6: 0 | AE6: 0 | AF6: 0 | AG6: 0 | AH6: 0 | AI6: 0
A7: Intestinal lipid absorption | B7: 0 | C7: 0 | D7: 0 | E7: 0 | F7: 0 | G7: 0 | H7: 0 | I7: 0 | J7: 0 | K7: 0 | L7: 0 | M7: 0 | N7: 0 | O7: 0 | P7: 0 | Q7: 0 | R7: 0 | S7: 0 | T7: 0 | U7: 0 | V7: 0 | W7: 0 | X7: 0 | Y7: 0 | Z7: 0 | AA7: 0 | AB7: 0 | AC7: 0 | AD7: 0 | AE7: 0 | AF7: 0 | AG7: 0 | AH7: 0 | AI7: 0
A8: Intestinal hexose absorption | B8: 0 | C8: 0 | D8: 0 | E8: 0 | F8: 0 | G8: 0 | H8: 0 | I8: 0 | J8: 0 | K8: 0 | L8: 0 | M8: 0 | N8: 0 | O8: 0 | P8: 0 | Q8: 0 | R8: 0 | S8: 0 | T8: 0 | U8: 0 | V8: 0 | W8: 0 | X8: 0 | Y8: 0 | Z8: 0 | AA8: 0 | AB8: 0 | AC8: 0 | AD8: 0 | AE8: 0 | AF8: 0 | AG8: 0 | AH8: 0 | AI8: 0

Sheet Protein localization
A1: Back to main page
A2: group | B2: ALTERS CELL PROLIFERATION AND CELL DEATH | C2: MODULATES NUCLEAR RECEPTOR-MEDIATED EFFECTS | D2: INDUCES OXIDATIVE STRESS | E2: CAUSES INFLAMMATION | F2: INDUCES EPIGENETIC ALTERATIONS | G2: ALTERS SIGNAL TRANSDUCTION | H2: CAUSES MITOCHONDRIAL DYSFUNCTION | I2: IS GENOTOXIC | J2: IS METABOLICALLY ACTIVATED OR REACTIVE | K2: ALTERS CELL-CELL INTERACTIONS AND COMMUNICATION | L2: DISRUPTS CELLULAR CYTOSKELETON | M2: IS IMMUNOSUPPRESSIVE | N2: ALTERS PRODUCTION OF HORMONE | O2: DISRUPTS LIPID AND PROTEIN METABOLISM OR CAUSES DYSLIPIDEMIA | P2: DISRUPTS TRANSPORT FUNCTION | Q2: ALTERS GERM CELL DEVELOPMENT, FUNCTION, OR DEATH | R2: AFFECTS ANTIGEN PROCESSING AND PRESENTATION | S2: ALTERS DNA REPAIR OR CAUSES GENOMIC INSTABILITY | T2: ALTERS EFFECTOR FUNCTION OF SPECIFIC CELL TYPES | U2: ALTERS HEMOSTASIS | V2: ALTERS HORMONE DISTRIBUTION OR CIRCULATING HORMONE LEVELS | W2: ALTERS HORMONE METABOLISM OR CLEARANCE | X2: ALTERS IMMUNE CELL SIGNALING | Y2: ALTERS IMMUNE CELL TRAFFICKING | Z2: BREAKS DOWN IMMUNE TOLERANCE | AA2: ACTIVATES STRESS SIGNALING PATHWAYS | AB2: CAUSES CHOLESTASIS | AC2: CAUSES IMMORTALIZATION | AD2: CAUSES LIVER FIBROSIS | AE2: IMPACTS ENDOTHELIAL AND VASCULAR FUNCTION | AF2: IMPAIRS CARDIAC CONTRACTILITY AND RELAXATION | AG2: IMPAIRS REGULATION OF CARDIAC EXCITABILITY | AH2: MODIFIES AUTONOMIC NERVOUS SYSTEM ACTIVITY | AI2: MODIFIES CELLULAR DIFFERENTIATION
A3: Mitochondrial protein import | B3: 0 | C3: 0 | D3: 0 | E3: 0 | F3: 0 | G3: 0 | H3: 1 | I3: 0 | J3: 0 | K3: 0 | L3: 0 | M3: 0 | N3: 0 | O3: 0 | P3: 1 | Q3: 0 | R3: 0 | S3: 0 | T3: 0 | U3: 0 | V3: 0 | W3: 0 | X3: 0 | Y3: 0 | Z3: 0 | AA3: 0 | AB3: 0 | AC3: 0 | AD3: 0 | AE3: 0 | AF3: 0 | AG3: 0 | AH3: 0 | AI3: 0
A4: Peroxisomal protein import | B4: 0 | C4: 0 | D4: 0 | E4: 0 | F4: 0 | G4: 0 | H4: 0 | I4: 0 | J4: 0 | K4: 0 | L4: 0 | M4: 0 | N4: 0 | O4: 1 | P4: 1 | Q4: 0 | R4: 0 | S4: 0 | T4: 0 | U4: 0 | V4: 0 | W4: 0 | X4: 0 | Y4: 0 | Z4: 0 | AA4: 0 | AB4: 0 | AC4: 0 | AD4: 0 | AE4: 0 | AF4: 0 | AG4: 0 | AH4: 0 | AI4: 0
A5: Class I peroxisomal membrane protein import | B5: 0 | C5: 0 | D5: 0 | E5: 0 | F5: 0 | G5: 0 | H5: 0 | I5: 0 | J5: 0 | K5: 0 | L5: 0 | M5: 0 | N5: 0 | O5: 1 | P5: 1 | Q5: 0 | R5: 0 | S5: 0 | T5: 0 | U5: 0 | V5: 0 | W5: 0 | X5: 0 | Y5: 0 | Z5: 0 | AA5: 0 | AB5: 0 | AC5: 0 | AD5: 0 | AE5: 0 | AF5: 0 | AG5: 0 | AH5: 0 | AI5: 0
A6: Insertion of tail-anchored proteins into the endoplasmic reticulum membrane | B6: 0 | C6: 0 | D6: 0 | E6: 0 | F6: 0 | G6: 0 | H6: 0 | I6: 0 | J6: 0 | K6: 0 | L6: 0 | M6: 0 | N6: 0 | O6: 0 | P6: 1 | Q6: 0 | R6: 0 | S6: 0 | T6: 0 | U6: 0 | V6: 0 | W6: 0 | X6: 0 | Y6: 0 | Z6: 0 | AA6: 0 | AB6: 0 | AC6: 0 | AD6: 0 | AE6: 0 | AF6: 0 | AG6: 0 | AH6: 0 | AI6: 0
A7: TYSND1 cleaves peroxisomal proteins | B7: 0 | C7: 0 | D7: 0 | E7: 0 | F7: 0 | G7: 0 | H7: 0 | I7: 0 | J7: 0 | K7: 0 | L7: 0 | M7: 0 | N7: 0 | O7: 1 | P7: 1 | Q7: 0 | R7: 0 | S7: 0 | T7: 0 | U7: 0 | V7: 0 | W7: 0 | X7: 0 | Y7: 0 | Z7: 0 | AA7: 0 | AB7: 0 | AC7: 0 | AD7: 0 | AE7: 0 | AF7: 0 | AG7: 0 | AH7: 0 | AI7: 0

Sheet Circadian Clock
A1: Back to main page
A2: group | B2: ALTERS CELL PROLIFERATION AND CELL DEATH | C2: MODULATES NUCLEAR RECEPTOR-MEDIATED EFFECTS | D2: INDUCES OXIDATIVE STRESS | E2: CAUSES INFLAMMATION | F2: INDUCES EPIGENETIC ALTERATIONS | G2: ALTERS SIGNAL TRANSDUCTION | H2: CAUSES MITOCHONDRIAL DYSFUNCTION | I2: IS GENOTOXIC | J2: IS METABOLICALLY ACTIVATED OR REACTIVE | K2: ALTERS CELL-CELL INTERACTIONS AND COMMUNICATION | L2: DISRUPTS CELLULAR CYTOSKELETON | M2: IS IMMUNOSUPPRESSIVE | N2: ALTERS PRODUCTION OF HORMONE | O2: DISRUPTS LIPID AND PROTEIN METABOLISM OR CAUSES DYSLIPIDEMIA | P2: DISRUPTS TRANSPORT FUNCTION | Q2: ALTERS GERM CELL DEVELOPMENT, FUNCTION, OR DEATH | R2: AFFECTS ANTIGEN PROCESSING AND PRESENTATION | S2: ALTERS DNA REPAIR OR CAUSES GENOMIC INSTABILITY | T2: ALTERS EFFECTOR FUNCTION OF SPECIFIC CELL TYPES | U2: ALTERS HEMOSTASIS | V2: ALTERS HORMONE DISTRIBUTION OR CIRCULATING HORMONE LEVELS | W2: ALTERS HORMONE METABOLISM OR CLEARANCE | X2: ALTERS IMMUNE CELL SIGNALING | Y2: ALTERS IMMUNE CELL TRAFFICKING | Z2: BREAKS DOWN IMMUNE TOLERANCE | AA2: ACTIVATES STRESS SIGNALING PATHWAYS | AB2: CAUSES CHOLESTASIS | AC2: CAUSES IMMORTALIZATION | AD2: CAUSES LIVER FIBROSIS | AE2: IMPACTS ENDOTHELIAL AND VASCULAR FUNCTION | AF2: IMPAIRS CARDIAC CONTRACTILITY AND RELAXATION | AG2: IMPAIRS REGULATION OF CARDIAC EXCITABILITY | AH2: MODIFIES AUTONOMIC NERVOUS SYSTEM ACTIVITY | AI2: MODIFIES CELLULAR DIFFERENTIATION
A3: NR1D1 (REV-ERBA) represses gene expression | B3: 0 | C3: 0 | D3: 0 | E3: 0 | F3: 0 | G3: 0 | H3: 0 | I3: 0 | J3: 0 | K3: 0 | L3: 0 | M3: 0 | N3: 0 | O3: 0 | P3: 0 | Q3: 0 | R3: 0 | S3: 0 | T3: 0 | U3: 0 | V3: 0 | W3: 0 | X3: 0 | Y3: 0 | Z3: 0 | AA3: 0 | AB3: 0 | AC3: 0 | AD3: 0 | AE3: 0 | AF3: 0 | AG3: 0 | AH3: 0 | AI3: 0
A4: RORA activates gene expression | B4: 0 | C4: 0 | D4: 0 | E4: 0 | F4: 0 | G4: 0 | H4: 0 | I4: 0 | J4: 0 | K4: 0 | L4: 0 | M4: 0 | N4: 0 | O4: 0 | P4: 0 | Q4: 0 | R4: 0 | S4: 0 | T4: 0 | U4: 0 | V4: 0 | W4: 0 | X4: 0 | Y4: 0 | Z4: 0 | AA4: 0 | AB4: 0 | AC4: 0 | AD4: 0 | AE4: 0 | AF4: 0 | AG4: 0 | AH4: 0 | AI4: 0
A5: BMAL1:CLOCK,NPAS2 activates circadian gene expression | B5: 0 | C5: 0 | D5: 0 | E5: 0 | F5: 0 | G5: 0 | H5: 0 | I5: 0 | J5: 0 | K5: 0 | L5: 0 | M5: 0 | N5: 0 | O5: 0 | P5: 0 | Q5: 0 | R5: 0 | S5: 0 | T5: 0 | U5: 0 | V5: 0 | W5: 0 | X5: 0 | Y5: 0 | Z5: 0 | AA5: 0 | AB5: 0 | AC5: 0 | AD5: 0 | AE5: 0 | AF5: 0 | AG5: 0 | AH5: 0 | AI5: 0
